Date,AQI,TEMP
2011/1/1,72,35
2011/1/2,47,37
2011/1/3,26,37.5
2011/1/4,29,38
2011/1/5,55,35
2011/1/6,48,35
2011/1/7,71,30
2011/1/8,67,26.5
2011/1/9,82,24.5
2011/1/10,89,23.5
2011/1/11,60,25.5
2011/1/12,23,18.5
2011/1/14,26,6
2011/1/15,40,6
2011/1/16,58,13.5
2011/1/17,63,27
2011/1/18,78,28
2011/1/19,63,23
2011/1/20,46,32.5
2011/1/21,50,35.5
2011/1/22,18,39
2011/1/23,19,37
2011/1/24,18,39
2011/1/25,21,39
2011/1/26,33,38
2011/1/27,54,31.5
2011/1/28,71,27
2011/1/29,83,26
2011/1/30,88,22.5
2011/1/31,62,26.5
2011/2/1,3,39.5
2011/2/2,8,43.5
2011/2/3,26,38.5
2011/2/4,53,34
2011/2/5,70,28.5
2011/2/6,63,29.5
2011/2/7,67,26
2011/2/8,61,23
2011/2/9,37,32.5
2011/2/10,27,37
2011/2/11,7,38
2011/2/12,21,35
2011/2/13,20,30.5
2011/2/14,28,20
2011/2/15,54,15
2011/2/16,58,9.5
2011/2/17,87,13.5
2011/2/18,80,14
2011/2/19,11,29.5
2011/2/20,23,30.5
2011/2/21,66,25.5
2011/2/22,51,18
2011/2/23,66,12.5
2011/2/24,81,14
2011/2/25,82,18.5
2011/2/26,45,24
2011/2/27,24,13.5
2011/2/28,21,11.5
2011/3/1,55,12.5
2011/3/2,51,16.5
2011/3/3,45,18
2011/3/4,56,21
2011/3/5,55,28.5
2011/3/6,60,25.5
2011/3/7,74,22.5
2011/3/8,56,22
2011/3/9,53,27
2011/3/10,39,21.5
2011/3/11,55,14.5
2011/3/12,52,17
2011/3/13,52,24
2011/3/14,52,28
2011/3/15,51,32.5
2011/3/16,58,32
2011/3/17,48,34
2011/3/18,64,31
2011/3/19,60,30.5
2011/3/20,54,29
2011/3/21,65,30
2011/3/22,55,33
2011/3/23,52,33.5
2011/3/24,61,36
2011/3/25,58,38
2011/3/26,68,38
2011/3/27,67,38.5
2011/3/28,61,42
2011/3/29,44,39
2011/3/30,16,39
2011/3/31,12,38
2011/4/1,24,37
2011/4/2,38,37
2011/4/3,16,38.5
2011/4/4,22,36
2011/4/5,52,35.5
2011/4/6,53,37.5
2011/4/7,44,39
2011/4/8,3,36.5
2011/4/9,19,37
2011/4/10,23,36
2011/4/11,33,35.5
2011/4/12,26,40.5
2011/4/13,39,42
2011/4/14,69,38.5
2011/4/15,60,39.5
2011/4/16,55,39
2011/4/17,76,40
2011/4/18,70,38
2011/4/19,57,38
2011/4/20,42,39.5
2011/4/21,28,38
2011/4/22,27,39.5
2011/4/23,41,41
2011/4/24,54,41
2011/4/25,52,45
2011/4/26,23,43
2011/4/27,54,41
2011/4/28,38,42
2011/4/29,54,41
2011/4/30,52,40.5
2011/5/1,23,41.5
2011/5/2,16,46
2011/5/3,17,42.5
2011/5/4,16,41
2011/5/5,14,44
2011/5/6,16,46
2011/5/7,51,46
2011/5/8,48,44.5
2011/5/9,17,43
2011/5/10,16,41
2011/5/13,39,46.5
2011/5/14,53,44.5
2011/5/15,54,45.5
2011/5/16,31,47.5
2011/5/17,33,53
2011/5/18,33,47.5
2011/5/19,31,52.5
2011/5/20,22,51
2011/5/21,32,50.5
2011/5/22,8,48
2011/5/23,7,47.5
2011/5/24,28,48.5
2011/5/25,36,56.5
2011/5/26,56,56
2011/5/27,56,58.5
2011/5/28,52,53
2011/5/29,34,51.5
2011/6/2,38,53
2011/6/3,22,56.5
2011/6/4,45,48.5
2011/6/5,27,52.5
2011/6/6,33,52
2011/6/7,47,56
2011/6/8,55,53.5
2011/6/9,29,52
2011/6/10,28,52
2011/6/11,28,51
2011/6/12,38,53.5
2011/6/13,18,53.5
2011/6/14,35,51
2011/6/15,27,53.5
2011/6/16,39,53.5
2011/6/17,34,51.5
2011/6/18,42,54
2011/6/19,18,53
2011/6/20,24,54
2011/6/21,26,55
2011/6/22,34,59
2011/6/23,40,56.5
2011/6/24,46,56
2011/6/25,32,56
2011/6/26,33,58
2011/6/27,33,61
2011/6/28,34,54.5
2011/6/29,11,51
2011/7/1,11,51.5
2011/7/2,3,51.5
2011/7/3,21,52.5
2011/7/4,28,54.5
2011/7/5,13,53.5
2011/7/6,19,51.5
2011/7/7,19,56.5
2011/7/8,28,54.5
2011/7/9,44,55.5
2011/7/10,27,57.5
2011/7/11,57,61.5
2011/7/12,52,61.5
2011/7/13,28,58.5
2011/7/14,19,57.5
2011/7/15,18,60.5
2011/7/16,23,59
2011/7/17,26,57.5
2011/7/18,15,55
2011/7/19,17,53.5
2011/7/20,21,60
2011/7/21,28,59.5
2011/7/22,31,58.5
2011/7/23,33,62
2011/7/24,20,57.5
2011/7/25,21,53.5
2011/7/26,29,51.5
2011/7/27,28,52
2011/7/28,13,55
2011/7/29,23,52
2011/7/30,31,54.5
2011/7/31,26,54.5
2011/8/1,19,52.5
2011/8/2,18,57
2011/8/3,19,57.5
2011/8/4,19,53.5
2011/8/5,24,55.5
2011/8/6,29,56.5
2011/8/7,17,56.5
2011/8/8,13,57
2011/8/9,16,57.5
2011/8/10,11,52
2011/8/11,9,50
2011/8/12,19,51
2011/8/13,32,53
2011/8/14,36,50.5
2011/8/15,24,49.5
2011/8/16,21,50.5
2011/8/19,3,52.5
2011/8/23,11,51.5
2011/8/24,23,49.5
2011/8/25,30,52.5
2011/8/26,21,50
2011/8/27,44,51
2011/8/28,26,50.5
2011/8/29,20,52.5
2011/8/30,32,53.5
2011/8/31,28,52
2011/9/1,14,49.5
2011/9/2,33,47.5
2011/9/3,31,50.5
2011/9/4,19,50
2011/9/5,10,50.5
2011/9/6,14,52.5
2011/9/7,28,55
2011/9/8,47,49.5
2011/9/9,22,51.5
2011/9/10,59,49
2011/9/11,64,47
2011/9/12,54,51
2011/9/13,20,56.5
2011/9/14,18,49
2011/9/15,35,48
2011/9/16,24,51
2011/9/17,28,47.5
2011/9/18,33,46
2011/9/19,11,50.5
2011/9/20,6,51
2011/9/21,11,50.5
2011/9/22,4,47.5
2011/9/23,6,47
2011/9/24,21,42
2011/9/25,23,42.5
2011/9/26,26,48
2011/9/27,15,46
2011/9/28,6,46.5
2011/9/29,16,46
2011/9/30,3,46
2011/10/1,52,43.5
2011/10/2,53,40
2011/10/3,57,38.5
2011/10/4,40,40
2011/10/5,32,44
2011/10/6,6,45
2011/10/7,11,46.5
2011/10/8,28,44.5
2011/10/9,11,43.5
2011/10/10,16,43
2011/10/11,27,40
2011/10/12,4,45.5
2011/10/13,11,42.5
2011/10/14,19,42.5
2011/10/15,5,42
2011/10/16,13,44
2011/10/17,39,43
2011/10/18,17,44.5
2011/10/19,15,41
2011/10/20,9,38
2011/10/21,26,36.5
2011/10/22,0,43.5
2011/10/23,0,43
2011/10/24,14,43.5
2011/10/25,9,42.5
2011/10/26,18,41.5
2011/10/27,53,41
2011/10/28,36,41
2011/10/29,0,42.5
2011/10/30,3,41
2011/10/31,8,39.5
2011/11/1,10,39.5
2011/11/2,33,31.5
2011/11/3,63,26.5
2011/11/4,37,31
2011/11/5,66,33.5
2011/11/6,27,36.5
2011/11/7,0,37
2011/11/8,28,36.5
2011/11/9,62,32
2011/11/10,35,34.5
2011/11/11,44,34.5
2011/11/12,13,36
2011/11/13,18,34
2011/11/14,0,32
2011/11/15,10,30
2011/11/16,13,32
2011/11/17,5,20.5
2011/11/18,55,15
2011/11/19,70,12.5
2011/11/20,56,13
2011/11/21,51,23
2011/11/22,57,28
2011/11/23,8,25.5
2011/11/24,48,28
2011/11/25,26,29
2011/11/26,41,27.5
2011/11/27,53,26.5
2011/11/28,13,35.5
2011/11/29,60,32.5
2011/11/30,20,36.5
2011/12/1,37,35.5
2011/12/2,39,37.5
2011/12/3,60,36.5
2011/12/4,48,39
2011/12/5,5,39.5
2011/12/6,56,31.5
2011/12/7,69,27
2011/12/8,7,35
2011/12/9,53,37.5
2011/12/10,37,31
2011/12/11,32,33.5
2011/12/12,14,36.5
2011/12/13,42,33.5
2011/12/14,24,32
2011/12/15,22,32
2011/12/16,33,32
2011/12/17,78,29.5
2011/12/18,26,34.5
2011/12/19,55,35
2011/12/20,49,35
2011/12/21,12,36
2011/12/22,0,40.5
2011/12/23,5,37.5
2011/12/24,6,38
2011/12/25,14,35
2011/12/26,12,33
2011/12/27,11,31
2011/12/28,38,30.5
2011/12/29,7,27.5
2011/12/30,25,23
2011/12/31,33,29.5
2012/1/1,33,33
2012/1/2,38,33
2012/1/3,55,31
2012/1/4,33,34.5
2012/1/5,25,32.5
2012/1/6,21,34.5
2012/1/7,1,38.5
2012/1/8,0,39
2012/1/9,9,33
2012/1/10,26,31
2012/1/11,1,35.5
2012/1/12,0,35.5
2012/1/13,0,28.5
2012/1/14,36,18
2012/1/15,55,11.5
2012/1/16,35,5.5
2012/1/17,40,4.5
2012/1/18,75,9
2012/1/19,82,14.5
2012/1/20,36,21
2012/1/21,22,24.5
2012/1/22,52,27
2012/1/23,57,27
2012/1/24,52,30.5
2012/1/25,17,30.5
2012/1/26,0,26.5
2012/1/27,17,24.5
2012/1/28,55,27.5
2012/1/29,50,27
2012/1/30,27,30.5
2012/1/31,19,34.5
2012/2/1,4,36.5
2012/2/2,0,39
2012/2/3,11,41
2012/2/4,57,33.5
2012/2/5,54,33
2012/2/6,63,30.5
2012/2/7,69,31.5
2012/2/8,55,34
2012/2/9,35,38.5
2012/2/10,47,37
2012/2/11,33,35.5
2012/2/12,21,37
2012/2/13,28,34
2012/2/14,52,32
2012/2/15,22,33.5
2012/2/16,8,37.5
2012/2/17,27,35.5
2012/2/18,25,33.5
2012/2/19,42,33.5
2012/2/20,42,33.5
2012/2/21,28,35.5
2012/2/22,42,34.5
2012/2/23,29,32
2012/2/24,44,30
2012/2/25,53,24.5
2012/2/26,48,24
2012/2/27,7,33.5
2012/2/28,36,33
2012/2/29,55,30.5
2012/3/1,27,29.5
2012/3/2,24,34.5
2012/3/3,16,33
2012/3/4,8,26
2012/3/5,39,23
2012/3/6,18,34.5
2012/3/7,31,35
2012/3/8,6,36.5
2012/3/9,0,36.5
2012/3/10,33,35
2012/3/11,32,35.5
2012/3/12,41,32.5
2012/3/13,46,29.5
2012/3/14,52,33
2012/3/15,46,36.5
2012/3/16,33,34.5
2012/3/17,53,35
2012/3/18,32,31
2012/3/19,42,30.5
2012/3/20,26,29.5
2012/3/21,50,28
2012/3/22,54,27.5
2012/3/23,61,31
2012/3/24,52,32.5
2012/3/25,45,34
2012/3/26,54,35
2012/3/27,55,37.5
2012/3/28,41,39
2012/3/29,29,37.5
2012/3/30,0,37
2012/3/31,32,34.5
2012/4/1,46,34
2012/4/2,5,38
2012/4/3,17,38.5
2012/4/4,60,38
2012/4/5,34,38
2012/4/6,51,37
2012/4/7,52,38.5
2012/4/8,57,38.5
2012/4/9,52,39.5
2012/4/10,56,40.5
2012/4/11,43,44.5
2012/4/12,44,47.5
2012/4/13,58,44.5
2012/4/14,55,42
2012/4/15,19,46.5
2012/4/16,54,47
2012/4/17,27,43.5
2012/4/18,29,44.5
2012/4/19,19,47
2012/4/20,7,46
2012/4/21,13,41
2012/4/22,42,42
2012/4/23,23,39
2012/4/24,26,41
2012/4/25,21,45
2012/4/26,9,44.5
2012/4/27,2,39.5
2012/4/28,9,44.5
2012/4/29,8,41
2012/4/30,9,41.5
2012/5/1,0,42
2012/5/2,0,42.5
2012/5/3,8,42.5
2012/5/4,14,41
2012/5/5,17,42
2012/5/6,0,42
2012/5/7,12,46
2012/5/8,4,39.5
2012/5/9,2,40
2012/5/10,8,40.5
2012/5/11,14,42.5
2012/5/12,2,42.5
2012/5/13,21,42
2012/5/14,28,42
2012/5/15,24,40
2012/5/16,31,40.5
2012/5/17,28,46.5
2012/5/18,30,44.5
2012/5/19,33,45.5
2012/5/20,32,47.5
2012/5/21,33,49
2012/5/22,23,52
2012/5/23,34,45.5
2012/5/24,34,50
2012/5/25,41,49.5
2012/5/26,33,47.5
2012/5/27,27,48.5
2012/5/28,16,48.5
2012/5/29,26,50
2012/5/30,3,48.5
2012/5/31,11,46.5
2012/6/1,16,48.5
2012/6/2,7,48
2012/6/3,15,50
2012/6/4,27,53.5
2012/6/5,40,51.5
2012/6/6,8,54
2012/6/7,14,50.5
2012/6/8,3,47.5
2012/6/9,27,50
2012/6/10,21,47.5
2012/6/11,0,49
2012/6/12,7,48
2012/6/13,6,47
2012/6/14,3,45.5
2012/6/15,15,47.5
2012/6/16,17,50
2012/6/17,3,52.5
2012/6/18,0,54
2012/6/19,11,53.5
2012/6/20,32,56
2012/6/21,22,54
2012/6/22,53,60.5
2012/6/23,51,66
2012/6/24,52,64.5
2012/6/25,0,52
2012/6/26,1,50
2012/6/27,8,51.5
2012/6/28,17,51
2012/6/29,2,48.5
2012/6/30,1,47.5
2012/7/1,25,48.5
2012/7/2,6,52.5
2012/7/3,15,51
2012/7/4,27,52
2012/7/5,14,54
2012/7/6,25,57.5
2012/7/7,7,53
2012/7/8,17,53
2012/7/9,22,52
2012/7/10,11,49.5
2012/7/11,42,50.5
2012/7/12,54,52.5
2012/7/13,7,53.5
2012/7/14,32,56.5
2012/7/15,49,55.5
2012/7/16,11,55.5
2012/7/17,9,56.5
2012/7/18,17,55
2012/7/19,34,55
2012/7/20,29,63
2012/7/21,25,59
2012/7/22,16,59
2012/7/23,28,59
2012/7/24,7,57
2012/7/25,50,56
2012/7/26,53,60.5
2012/7/31,7,52
2012/8/1,13,54.5
2012/8/2,13,53.5
2012/8/3,17,53
2012/8/4,37,57
2012/8/5,40,55
2012/8/6,9,55.5
2012/8/7,25,56
2012/8/8,14,55.5
2012/8/9,0,53
2012/8/10,19,54
2012/8/11,24,53
2012/8/12,27,53.5
2012/8/13,33,56.5
2012/8/14,42,57.5
2012/8/15,54,58.5
2012/8/16,30,59.5
2012/8/17,34,55
2012/8/18,37,56
2012/8/19,60,55
2012/8/20,34,59
2012/8/21,27,55
2012/8/22,18,52.5
2012/8/23,6,53
2012/8/24,7,54
2012/8/25,19,49.5
2012/8/26,25,55
2012/8/27,29,51
2012/8/28,3,51
2012/8/29,9,55
2012/8/30,26,53.5
2012/8/31,53,52
2012/9/1,23,51.5
2012/9/2,6,52
2012/9/3,12,51
2012/9/4,7,55
2012/9/5,19,50.5
2012/9/6,22,53
2012/9/7,25,48
2012/9/8,6,52
2012/9/9,7,48.5
2012/9/10,2,48.5
2012/9/11,9,46.5
2012/9/12,21,50.5
2012/9/13,48,49.5
2012/9/14,9,49
2012/9/15,33,48.5
2012/9/16,26,50
2012/9/17,17,47.5
2012/9/18,39,47
2012/9/19,44,46
2012/9/20,40,50.5
2012/9/21,49,53
2012/9/22,36,52
2012/9/23,6,51.5
2012/9/24,10,49.5
2012/9/25,13,49
2012/9/26,6,49.5
2012/9/27,9,50
2012/9/28,15,48.5
2012/9/29,3,45.5
2012/9/30,14,43.5
2012/10/1,55,39.5
2012/10/2,49,37.5
2012/10/3,42,44.5
2012/10/4,37,44
2012/10/5,31,47.5
2012/10/6,52,50.5
2012/10/7,22,48.5
2012/10/8,22,48
2012/10/9,29,46.5
2012/10/10,18,46
2012/10/11,20,45
2012/10/12,28,39
2012/10/13,10,43.5
2012/10/14,29,43.5
2012/10/15,22,44.5
2012/10/16,0,40.5
2012/10/17,7,38.5
2012/10/18,2,35.5
2012/10/19,65,32.5
2012/10/20,52,33.5
2012/10/21,20,35
2012/10/22,12,37.5
2012/10/23,6,36.5
2012/10/24,23,34
2012/10/25,37,29.5
2012/10/26,61,27
2012/10/27,75,27.5
2012/10/28,69,27
2012/10/29,69,25
2012/10/30,34,31
2012/10/31,22,35
2012/11/1,54,32
2012/11/2,51,33.5
2012/11/3,37,37
2012/11/4,40,39
2012/11/5,11,40.5
2012/11/6,14,38
2012/11/7,24,30.5
2012/11/8,67,25.5
2012/11/9,70,24.5
2012/11/10,60,30
2012/11/11,54,33
2012/11/12,61,34
2012/11/13,76,32
2012/11/14,23,36
2012/11/15,24,36
2012/11/16,17,35
2012/11/17,31,26.5
2012/11/18,44,23.5
2012/11/19,39,25
2012/11/20,71,21.5
2012/11/21,66,22.5
2012/11/22,52,30.5
2012/11/23,32,33.5
2012/11/24,45,31.5
2012/11/25,51,31
2012/11/26,48,25
2012/11/27,82,19.5
2012/11/28,67,25.5
2012/11/29,46,22.5
2012/11/30,58,17
2012/12/1,53,16
2012/12/2,24,15
2012/12/3,38,23.5
2012/12/4,57,19
2012/12/5,54,22.5
2012/12/6,68,23
2012/12/7,51,24
2012/12/8,63,26
2012/12/9,54,33.5
2012/12/10,52,35
2012/12/11,73,26.5
2012/12/12,55,28
2012/12/13,24,36
2012/12/14,11,36.5
2012/12/15,8,35
2012/12/16,44,30.5
2012/12/17,53,18.5
2012/12/18,83,13.5
2012/12/19,62,19.5
2012/12/20,56,19.5
2012/12/21,90,10.5
2012/12/22,92,10
2012/12/23,66,12.5
2012/12/24,72,18.5
2012/12/25,117,16
2012/12/26,93,11.5
2012/12/27,78,18.5
2012/12/28,58,31.5
2012/12/29,43,34.5
2012/12/30,26,36.5
2012/12/31,34,36
2013/1/1,18,39
2013/1/2,47,34.5
2013/1/3,55,30.5
2013/1/4,51,33
2013/1/5,62,32.5
2013/1/6,28,34.5
2013/1/7,54,33.5
2013/1/10,58,26.5
2013/1/11,54,32
2013/1/12,61,32
2013/1/13,44,35.5
2013/1/14,35,39.5
2013/1/15,37,36.5
2013/1/16,46,35
2013/1/17,4,37.5
2013/1/18,14,31
2013/1/19,63,28.5
2013/1/22,59,34.5
2013/1/23,30,36
2013/1/24,37,35
2013/1/25,21,35.5
2013/1/26,26,35
2013/1/27,2,24
2013/1/28,37,10
2013/1/29,34,12
2013/1/30,44,23.5
2013/1/31,59,30
2013/2/1,49,35.5
2013/2/2,8,38.5
2013/2/3,21,37
2013/2/4,48,31.5
2013/2/5,56,29.5
2013/2/8,24,36.5
2013/2/9,20,39
2013/2/10,16,39
2013/2/11,13,35.5
2013/2/12,45,34
2013/2/13,9,34
2013/2/14,4,37
2013/2/15,28,37.5
2013/2/16,33,35.5
2013/2/17,11,33.5
2013/2/18,12,34.5
2013/2/19,8,36
2013/2/20,1,36.5
2013/2/21,6,36.5
2013/2/22,36,35.5
2013/2/23,8,33.5
2013/2/24,23,35.5
2013/2/25,15,33
2013/2/26,21,35
2013/2/27,1,37.5
2013/2/28,10,39
2013/3/1,28,37
2013/3/2,53,33
2013/3/3,66,32
2013/3/4,55,32
2013/3/5,61,28
2013/3/6,60,28
2013/3/7,55,30
2013/3/8,24,32.5
2013/3/9,18,34
2013/3/10,7,36
2013/3/11,14,34
2013/3/12,17,30
2013/3/13,17,24.5
2013/3/14,39,23.5
2013/3/15,17,23.5
2013/3/16,44,23
2013/3/17,18,23.5
2013/3/19,41,21.5
2013/3/20,51,18.5
2013/3/21,57,20.5
2013/3/22,55,20
2013/3/23,27,29
2013/3/24,43,36
2013/3/25,5,38.5
2013/3/26,23,37
2013/3/27,26,33.5
2013/3/28,29,33.5
2013/3/29,26,35.5
2013/3/30,8,36.5
2013/3/31,28,38
2013/4/1,21,39.5
2013/4/2,7,38
2013/4/3,20,34.5
2013/4/4,21,31.5
2013/4/5,10,31
2013/4/6,15,33.5
2013/4/7,16,42
2013/4/8,7,41.5
2013/4/9,7,38
2013/4/10,4,35
2013/4/11,7,33
2013/4/12,16,37.5
2013/4/13,36,36
2013/4/14,47,37.5
2013/4/15,52,36
2013/4/16,28,35.5
2013/4/17,23,41
2013/4/18,14,38
2013/4/19,36,35
2013/4/20,58,33.5
2013/4/21,54,36.5
2013/4/22,34,36.5
2013/4/23,16,38
2013/4/24,8,40.5
2013/4/25,3,38
2013/4/26,38,34
2013/4/27,15,35.5
2013/4/28,3,32
2013/4/29,34,32
2013/4/30,23,32.5
2013/5/1,1,39
2013/5/2,6,43
2013/5/3,0,45
2013/5/4,11,47.5
2013/5/5,18,46
2013/5/6,14,43
2013/5/7,18,41.5
2013/5/8,24,47
2013/5/9,52,49.5
2013/5/10,51,49.5
2013/5/11,36,47.5
2013/5/12,10,49
2013/5/13,0,48
2013/5/14,0,46.5
2013/5/15,9,47.5
2013/5/16,17,47.5
2013/5/17,4,50.5
2013/5/18,5,43
2013/5/19,19,38.5
2013/5/20,20,42
2013/5/21,39,48
2013/5/22,28,48
2013/5/23,31,49.5
2013/5/24,43,50.5
2013/5/25,52,51.5
2013/5/26,62,52.5
2013/5/27,55,57
2013/5/28,50,59
2013/5/29,33,57.5
2013/5/30,11,54.5
2013/5/31,2,48.5
2013/6/1,18,46
2013/6/2,12,49
2013/6/3,23,48
2013/6/4,1,50.5
2013/6/5,0,46
2013/6/6,21,50
2013/6/7,24,52
2013/6/8,44,52.5
2013/6/9,51,54.5
2013/6/10,42,57.5
2013/6/11,46,60.5
2013/6/12,28,62
2013/6/13,47,52
2013/6/14,42,58
2013/6/15,47,64.5
2013/6/16,49,67.5
2013/6/17,46,69
2013/6/18,8,60.5
2013/6/19,32,64.5
2013/6/20,28,63
2013/6/21,39,63.5
2013/6/22,23,58.5
2013/6/23,24,59.5
2013/6/24,34,63
2013/6/25,52,64
2013/6/26,4,59.5
2013/6/27,12,57
2013/6/28,31,59
2013/6/29,37,61
2013/6/30,27,63.5
2013/7/1,21,57
2013/7/2,2,53
2013/7/3,17,53.5
2013/7/4,22,56
2013/7/5,31,55.5
2013/7/6,21,55.5
2013/7/7,28,57.5
2013/7/8,0,54.5
2013/7/9,3,52
2013/7/10,8,55.5
2013/7/11,18,53.5
2013/7/12,18,54
2013/7/13,25,55.5
2013/7/14,40,56
2013/7/15,47,55.5
2013/7/16,61,60.5
2013/7/17,59,65
2013/7/18,53,58.5
2013/7/19,58,58.5
2013/7/20,12,56.5
2013/7/21,3,55
2013/7/22,6,59
2013/7/23,26,60.5
2013/7/24,7,57
2013/7/25,14,57.5
2013/7/26,2,56
2013/7/27,30,59
2013/7/28,35,63
2013/8/2,10,62
2013/8/3,51,61
2013/8/4,22,57
2013/8/5,6,59
2013/8/6,21,61
2013/8/8,3,59
2013/8/13,38,60.5
2013/8/14,47,64
2013/8/15,40,62.5
2013/8/16,6,57.5
2013/8/17,15,56.5
2013/8/18,2,53
2013/8/19,7,54.5
2013/8/20,10,54.5
2013/8/21,19,55
2013/8/22,24,55
2013/8/23,29,55.5
2013/8/24,18,54
2013/8/25,18,55
2013/8/26,9,56
2013/8/27,14,56.5
2013/8/28,22,57.5
2013/8/29,50,55.5
2013/8/30,27,51.5
2013/8/31,12,55.5
2013/9/1,29,55.5
2013/9/2,25,60
2013/9/3,41,58
2013/9/4,7,54.5
2013/9/5,13,56.5
2013/9/6,17,56
2013/9/7,7,59.5
2013/9/8,2,55
2013/9/9,36,54
2013/9/10,40,49.5
2013/9/11,26,57.5
2013/9/12,6,56
2013/9/13,47,51.5
2013/9/14,63,52.5
2013/9/15,66,51.5
2013/9/16,11,54
2013/9/17,1,51
2013/9/18,0,50.5
2013/9/19,9,48
2013/9/20,4,52
2013/9/21,5,49
2013/9/22,4,49
2013/9/23,0,51
2013/9/24,25,46
2013/9/25,40,42.5
2013/9/26,9,48
2013/9/27,6,47
2013/9/28,18,47
2013/9/29,56,45.5
2013/9/30,39,48.5
2013/10/1,8,48.5
2013/10/2,31,50.5
2013/10/3,6,46.5
2013/10/4,0,46.5
2013/10/5,24,44.5
2013/10/6,54,40
2013/10/7,52,41.5
2013/10/8,53,40
2013/10/9,5,46.5
2013/10/10,9,46
2013/10/11,32,44.5
2013/10/12,41,46
2013/10/13,9,47
2013/10/14,18,46.5
2013/10/15,32,44
2013/10/16,21,46.5
2013/10/17,27,43.5
2013/10/18,36,43.5
2013/10/19,9,48
2013/10/20,8,47.5
2013/10/21,29,41
2013/10/22,31,39
2013/10/23,9,46.5
2013/10/24,7,46
2013/10/25,31,45.5
2013/10/26,37,43
2013/10/27,69,38
2013/10/28,48,45.5
2013/10/29,26,44.5
2013/10/30,46,45
2013/10/31,21,43.5
2013/11/1,0,39.5
2013/11/2,60,35.5
2013/11/3,71,32.5
2013/11/4,42,32.5
2013/11/5,9,40
2013/11/6,4,39
2013/11/7,15,36.5
2013/11/8,26,30
2013/11/9,69,27
2013/11/10,70,28
2013/11/11,71,32.5
2013/11/12,68,34.5
2013/11/13,54,34
2013/11/14,37,37.5
2013/11/15,28,31
2013/11/16,38,25.5
2013/11/17,38,21
2013/11/18,12,13.5
2013/11/21,55,21
2013/11/22,20,33
2013/11/23,17,35.5
2013/11/24,74,26
2013/11/25,66,30.5
2013/11/26,56,35
2013/11/27,55,37.5
2013/11/28,14,38
2013/11/29,14,35
2013/11/30,5,24.5
2013/12/1,25,19
2013/12/2,76,21
2013/12/3,107,17
2013/12/4,91,18.5
2013/12/5,69,23
2013/12/6,83,18
2013/12/7,98,21.5
2013/12/8,101,25.5
2013/12/9,67,32
2013/12/10,47,34
2013/12/11,39,33
2013/12/12,9,26.5
2013/12/13,14,32
2013/12/14,0,39
2013/12/15,0,32.5
2013/12/16,14,30.5
2013/12/17,52,18
2013/12/18,76,12.5
2013/12/20,87,19.5
2013/12/21,86,19.5
2013/12/22,43,30.5
2013/12/23,16,37
2013/12/24,12,35
2013/12/25,2,37.5
2013/12/26,26,36.5
2013/12/27,19,32
2013/12/28,23,33
2013/12/29,27,31.5
2013/12/30,11,33
2013/12/31,39,34
2014/1/1,24,38.5
2014/1/2,31,35.5
2014/1/3,32,35
2014/1/4,15,34.5
2014/1/5,2,35.5
2014/1/6,18,37
2014/1/7,29,36.5
2014/1/8,38,36
2014/1/9,30,36.5
2014/1/10,30,34
2014/1/11,38,31
2014/1/12,9,33.5
2014/1/13,18,36
2014/1/14,13,40.5
2014/1/15,25,40.5
2014/1/16,4,41.5
2014/1/17,14,43
2014/1/18,17,44
2014/1/19,43,38
2014/1/20,31,37
2014/1/21,43,35
2014/1/22,20,40
2014/1/23,1,47
2014/1/24,43,40.5
2014/1/25,57,32.5
2014/1/26,78,30.5
2014/1/27,85,31
2014/1/28,68,34.5
2014/1/29,67,37
2014/1/30,33,32.5
2014/1/31,63,29
2014/2/1,58,28
2014/2/2,65,29
2014/2/3,51,27.5
2014/2/4,53,28.5
2014/2/5,55,24.5
2014/2/6,71,18.5
2014/2/7,97,18
2014/2/8,71,16.5
2014/2/9,62,17.5
2014/2/10,61,12.5
2014/2/11,60,9.5
2014/2/12,70,9.5
2014/2/13,55,21
2014/2/14,50,31.5
2014/2/15,0,35.5
2014/2/16,8,31.5
2014/2/17,28,32
2014/2/18,21,27
2014/2/19,53,25
2014/2/20,31,26.5
2014/2/21,36,24.5
2014/2/22,61,20
2014/2/23,55,21
2014/2/24,61,21.5
2014/2/25,74,22.5
2014/2/26,52,32
2014/2/27,54,29.5
2014/2/28,69,28.5
2014/3/1,51,30.5
2014/3/2,18,26.5
2014/3/3,16,21
2014/3/4,66,15
2014/3/5,71,17.5
2014/3/6,68,19
2014/3/7,60,20.5
2014/3/8,34,33
2014/3/9,16,36.5
2014/3/10,11,38
2014/3/11,3,37
2014/3/12,8,39
2014/3/13,11,36.5
2014/3/14,17,37
2014/3/15,16,37
2014/3/16,11,35
2014/3/17,5,33.5
2014/3/18,23,34
2014/3/19,19,32.5
2014/3/20,41,33.5
2014/3/21,32,31.5
2014/3/22,21,30
2014/3/23,52,29
2014/3/24,15,33.5
2014/3/25,22,37
2014/3/26,14,34.5
2014/3/27,33,31
2014/3/28,52,30.5
2014/3/29,52,33
2014/3/30,57,35.5
2014/3/31,44,38
2014/4/1,52,35
2014/4/2,38,38.5
2014/4/3,46,37
2014/4/4,38,35
2014/4/5,37,37
2014/4/6,11,40.5
2014/4/7,26,41.5
2014/4/8,22,40.5
2014/4/9,12,36
2014/4/10,23,36.5
2014/4/11,30,36.5
2014/4/12,65,35.5
2014/4/13,63,38.5
2014/4/14,50,40.5
2014/4/15,45,44
2014/4/16,42,44.5
2014/4/17,52,44
2014/4/18,1,37.5
2014/4/19,37,41.5
2014/4/20,41,47
2014/4/21,18,44.5
2014/4/22,47,42.5
2014/4/23,6,43.5
2014/4/24,22,44
2014/4/25,37,43
2014/4/26,52,43
2014/4/27,60,44
2014/4/28,6,46.5
2014/4/29,10,45.5
2014/4/30,33,46.5
2014/5/1,48,51.5
2014/5/2,38,60
2014/5/3,25,51.5
2014/5/4,57,48.5
2014/5/5,29,47.5
2014/5/6,34,48
2014/5/7,38,49.5
2014/5/8,38,50.5
2014/5/9,46,55.5
2014/5/10,60,54
2014/5/11,39,52
2014/5/12,42,54.5
2014/5/13,44,55
2014/5/14,23,54.5
2014/5/15,21,57
2014/5/16,23,58.5
2014/5/17,42,57.5
2014/5/18,57,55
2014/5/19,2,49.5
2014/5/20,19,48.5
2014/5/21,22,50.5
2014/5/22,23,50
2014/5/23,45,50
2014/5/24,59,51
2014/5/25,62,51.5
2014/5/26,44,51.5
2014/5/27,52,49.5
2014/5/28,33,50.5
2014/5/29,28,51.5
2014/5/30,29,52
2014/5/31,20,50.5
2014/6/1,34,50.5
2014/6/2,11,52
2014/6/3,0,47.5
2014/6/4,34,54
2014/6/5,45,52
2014/6/6,55,53.5
2014/6/7,32,51
2014/6/8,0,50.5
2014/6/9,12,50.5
2014/6/10,16,54
2014/6/11,12,54
2014/6/12,18,58.5
2014/6/13,27,52.5
2014/6/14,7,51
2014/6/15,13,53
2014/6/16,22,55
2014/6/17,8,51
2014/6/18,10,49.5
2014/6/19,18,53
2014/6/20,4,47.5
2014/6/21,31,50
2014/6/22,32,52
2014/6/23,9,55
2014/6/24,7,57
2014/6/25,13,49.5
2014/6/26,23,54.5
2014/6/27,33,56
2014/6/28,39,60
2014/6/29,26,60
2014/6/30,12,56
2014/7/1,33,56
2014/7/2,31,57
2014/7/3,24,57.5
2014/7/4,33,56
2014/7/5,28,57
2014/7/6,22,62.5
2014/7/7,21,59
2014/7/8,3,54
2014/7/9,12,57
2014/7/10,26,58
2014/7/11,20,53
2014/7/12,12,58.5
2014/7/13,12,58
2014/7/14,18,58.5
2014/7/15,23,60
2014/7/16,41,59.5
2014/7/17,33,56
2014/7/18,29,60
2014/7/19,27,58.5
2014/7/20,22,55
2014/7/21,21,59.5
2014/7/22,21,59.5
2014/7/23,28,60
2014/7/24,14,57
2014/7/25,1,55
2014/7/26,12,56.5
2014/7/27,6,57.5
2014/7/28,14,54.5
2014/7/29,0,55
2014/7/30,19,56
2014/7/31,47,57.5
2014/8/1,48,60
2014/8/2,55,61
2014/8/3,57,64
2014/8/4,39,62
2014/8/5,24,61
2014/8/6,17,57
2014/8/7,26,57.5
2014/8/8,17,54.5
2014/8/9,15,55.5
2014/8/10,3,57.5
2014/8/11,9,57.5
2014/8/12,8,60.5
2014/8/13,6,54.5
2014/8/14,11,56
2014/8/15,20,57.5
2014/8/16,41,56.5
2014/8/17,11,55.5
2014/8/18,14,55.5
2014/8/19,18,58
2014/8/20,41,55.5
2014/8/21,61,57.5
2014/8/22,47,57.5
2014/8/23,34,61.5
2014/8/24,44,54.5
2014/8/26,8,51.5
2014/8/27,12,54
2014/8/28,26,54
2014/8/29,13,52.5
2014/8/30,15,53
2014/8/31,15,52
2014/9/1,8,50.5
2014/9/2,29,51
2014/9/3,12,52.5
2014/9/4,6,55
2014/9/5,12,57
2014/9/6,18,54
2014/9/7,7,50.5
2014/9/8,23,47.5
2014/9/9,52,46.5
2014/9/10,54,49.5
2014/9/11,8,51.5
2014/9/12,30,53
2014/9/13,5,56
2014/9/14,55,52
2014/9/15,56,54
2014/9/16,27,54
2014/9/17,27,53.5
2014/9/18,13,53
2014/9/19,9,55
2014/9/20,23,51.5
2014/9/21,13,54
2014/9/22,4,51
2014/9/23,31,47.5
2014/9/24,42,50
2014/9/25,12,51.5
2014/9/26,36,50.5
2014/9/27,31,51.5
2014/9/28,12,52
2014/9/29,9,52
2014/9/30,2,44.5
2014/10/1,34,41.5
2014/10/2,55,36.5
2014/10/8,5,41
2014/10/14,8,43
2014/10/15,34,45
2014/10/16,24,44.5
2014/10/17,58,43
2014/10/18,39,46
2014/10/19,32,45.5
2014/10/20,13,46
2014/10/21,27,44.5
2014/10/22,19,41
2014/10/23,58,37.5
2014/10/24,51,41.5
2014/10/25,59,38.5
2014/10/26,72,36.5
2014/10/27,44,41
2014/10/28,34,43
2014/10/29,28,42.5
2014/10/30,34,44.5
2014/10/31,0,41.5
2014/11/1,9,43
2014/11/2,0,42.5
2014/11/3,31,41.5
2014/11/4,5,40.5
2014/11/5,29,42.5
2014/11/6,13,40.5
2014/11/7,28,41
2014/11/8,48,40.5
2014/11/9,52,39.5
2014/11/10,52,39.5
2014/11/11,63,32.5
2014/11/12,82,30
2014/11/13,71,28.5
2014/11/14,69,27
2014/11/15,70,27
2014/11/16,85,27.5
2014/11/17,65,33.5
2014/11/18,80,35
2014/11/19,68,37.5
2014/11/20,53,35
2014/11/21,47,38.5
2014/11/22,14,40.5
2014/11/23,20,40
2014/11/24,25,38
2014/11/25,48,39.5
2014/11/26,46,33.5
2014/11/27,42,28.5
2014/11/28,76,19.5
2014/11/29,95,19
2014/11/30,62,23.5
2014/12/1,94,18.5
2014/12/4,129,26.5
2014/12/5,124,22
2014/12/6,82,29.5
2014/12/7,62,37.5
2014/12/8,63,39
2014/12/9,55,39
2014/12/10,62,36
2014/12/11,67,34.5
2014/12/12,63,38.5
2014/12/13,36,39
2014/12/14,42,40
2014/12/15,21,42.5
2014/12/16,23,39
2014/12/17,53,33.5
2014/12/18,55,34.5
2014/12/19,55,33
2014/12/20,68,35
2014/12/21,87,36.5
2014/12/22,50,38
2014/12/23,52,33
2014/12/24,68,29
2014/12/25,59,36.5
2014/12/26,55,37
2014/12/27,72,29.5
2014/12/28,71,25.5
2014/12/29,95,21.5
2014/12/30,68,28
2014/12/31,51,36
2015/1/1,57,37
2015/1/2,9,28
2015/1/3,23,23
2015/1/4,52,26
2015/1/5,81,21
2015/1/6,54,28
2015/1/7,34,29.5
2015/1/8,52,29
2015/1/9,67,30.5
2015/1/10,69,33.5
2015/1/11,58,35
2015/1/12,42,37.5
2015/1/13,31,42
2015/1/14,26,42.5
2015/1/15,13,44
2015/1/16,4,42
2015/1/17,14,41.5
2015/1/18,60,37
2015/1/19,1,40
2015/1/20,10,42
2015/1/21,7,44.5
2015/1/22,4,46
2015/1/23,3,44.5
2015/1/24,18,41.5
2015/1/25,3,39.5
2015/1/26,49,31.5
2015/1/27,56,27.5
2015/1/28,50,33
2015/1/29,37,35
2015/1/30,46,32
2015/1/31,53,25
2015/2/1,55,27
2015/2/2,54,28
2015/2/3,61,22.5
2015/2/4,73,24
2015/2/5,51,22.5
2015/2/6,28,12.5
2015/2/7,28,9
2015/2/8,21,17
2015/2/9,48,24.5
2015/2/10,55,25.5
2015/2/11,44,33.5
2015/2/12,59,36
2015/2/13,12,41
2015/2/14,4,40.5
2015/2/15,37,38
2015/2/16,44,37.5
2015/2/17,24,39
2015/2/18,31,38.5
2015/2/19,24,39.5
2015/2/20,56,36.5
2015/2/21,49,35
2015/2/22,19,42
2015/2/23,16,42.5
2015/2/24,31,38.5
2015/2/25,30,36.5
2015/2/26,33,36.5
2015/2/27,62,33
2015/2/28,62,35.5
2015/3/1,53,35.5
2015/3/2,62,32.5
2015/3/3,56,36.5
2015/3/4,22,38.5
2015/3/5,34,36.5
2015/3/6,12,39.5
2015/3/7,23,40.5
2015/3/8,21,39
2015/3/9,18,35.5
2015/3/10,18,28.5
2015/3/11,29,24
2015/3/12,21,34.5
2015/3/13,24,38
2015/3/14,28,30
2015/3/15,1,33.5
2015/3/16,37,34
2015/3/17,34,35
2015/3/18,29,39.5
2015/3/19,52,38.5
2015/3/20,28,39
2015/3/21,0,39.5
2015/3/22,41,37.5
2015/3/23,49,37.5
2015/3/24,51,37
2015/3/25,46,38
2015/3/26,7,42.5
2015/3/27,14,41
2015/3/28,32,40
2015/3/29,6,43
2015/3/30,28,43.5
2015/3/31,2,41
2015/4/1,2,41.5
2015/4/2,12,40
2015/4/3,37,40
2015/4/4,53,41
2015/4/5,57,40.5
2015/4/6,31,40
2015/4/7,6,44
2015/4/8,0,43
2015/4/9,11,45
2015/4/10,2,38.5
2015/4/11,4,38
2015/4/12,8,36.5
2015/4/13,33,37.5
2015/4/14,13,39
2015/4/15,0,40.5
2015/4/16,17,41.5
2015/4/17,17,42
2015/4/18,17,40.5
2015/4/19,21,42.5
2015/4/20,12,42.5
2015/4/21,17,41
2015/4/22,36,40
2015/4/23,39,43
2015/4/24,34,45
2015/4/25,52,46.5
2015/4/26,13,50
2015/4/27,17,43.5
2015/4/28,4,47.5
2015/4/29,0,43
2015/4/30,17,42.5
2015/5/1,0,45.5
2015/5/2,19,45.5
2015/5/3,56,46
2015/5/4,51,49
2015/5/5,54,47
2015/5/6,62,46
2015/5/7,41,45.5
2015/5/8,65,54.5
2015/5/9,37,48
2015/5/10,50,49.5
2015/5/11,26,52
2015/5/12,36,53.5
2015/5/13,46,56.5
2015/5/14,52,55.5
2015/5/15,58,56
2015/5/16,57,55
2015/5/17,65,56.5
2015/5/18,61,58.5
2015/5/19,61,59
2015/5/20,71,58
2015/5/21,61,61.5
2015/5/22,75,59
2015/5/23,69,58.5
2015/5/24,53,56.5
2015/5/25,52,57
2015/5/26,46,55
2015/5/27,23,50.5
2015/5/28,34,59
2015/5/29,52,61
2015/5/30,68,61
2015/5/31,65,60
2015/6/1,58,59
2015/6/2,46,60.5
2015/6/3,38,54
2015/6/4,48,52
2015/6/5,42,52
2015/6/6,46,51
2015/6/7,47,52.5
2015/6/8,19,51.5
2015/6/9,21,51
2015/6/10,17,48.5
2015/6/11,14,51
2015/6/12,32,52.5
2015/6/13,46,52.5
2015/6/14,51,64.5
2015/6/15,43,67
2015/6/16,43,62
2015/6/17,28,57
2015/6/18,13,56
2015/6/19,24,60.5
2015/6/20,33,63
2015/6/21,38,59.5
2015/6/22,54,59.5
2015/6/23,63,63
2015/6/24,36,61
2015/6/25,3,62
2015/6/30,17,58.5
2015/7/2,8,54.5
2015/7/3,38,53
2015/7/4,58,59
2015/7/5,68,62
2015/7/6,68,68.5
2015/7/7,58,65.5
2015/7/8,9,59
2015/7/9,9,60.5
2015/7/10,18,57.5
2015/7/11,8,58
2015/7/12,9,59.5
2015/7/13,7,56
2015/7/14,14,56
2015/7/15,7,55.5
2015/7/16,11,55.5
2015/7/17,8,56
2015/7/18,15,60.5
2015/7/19,20,55
2015/7/20,26,58
2015/7/21,44,61
2015/7/22,34,60
2015/7/23,22,56
2015/7/24,26,57.5
2015/7/25,26,55
2015/7/26,21,56
2015/7/27,9,55.5
2015/7/28,8,54.5
2015/7/29,5,54
2015/7/30,12,56.5
2015/7/31,0,54.5
2015/8/1,22,58.5
2015/8/2,21,58.5
2015/8/3,31,65
2015/8/4,35,63.5
2015/8/5,28,65.5
2015/8/6,15,57.5
2015/8/7,17,61
2015/8/8,44,63.5
2015/8/9,55,61.5
2015/8/10,19,57.5
2015/8/11,9,57
2015/8/12,5,54
2015/8/13,12,56
2015/8/14,57,55.5
2015/8/15,54,58.5
2015/8/16,32,55.5
2015/8/17,16,56.5
2015/8/18,7,61
2015/8/19,6,57
2015/8/20,9,55.5
2015/8/21,26,55
2015/8/22,22,55.5
2015/8/23,9,52.5
2015/8/24,16,54
2015/8/25,37,54
2015/8/26,54,56
2015/8/27,3,53
2015/8/28,12,52
2015/8/29,12,50
2015/8/30,3,48.5
2015/8/31,6,47.5
2015/9/1,8,49.5
2015/9/2,28,50
2015/9/3,54,51.5
2015/9/4,36,52
2015/9/5,30,55
2015/9/6,13,53
2015/9/7,23,52.5
2015/9/8,19,51
2015/9/9,29,53
2015/9/10,11,54
2015/9/11,9,56.5
2015/9/12,24,51
2015/9/13,39,48.5
2015/9/14,29,44.5
2015/9/15,10,49
2015/9/16,8,48
2015/9/17,6,49.5
2015/9/18,14,48.5
2015/9/19,7,47.5
2015/9/20,0,46
2015/9/21,10,43.5
2015/9/22,24,43.5
2015/9/23,44,45.5
2015/9/24,21,43.5
2015/9/25,34,43
2015/9/26,19,45.5
2015/9/27,17,49
2015/9/28,18,52
2015/9/29,19,52.5
2015/9/30,7,46
2015/10/1,16,42.5
2015/10/2,48,39
2015/10/3,57,41.5
2015/10/4,42,41
2015/10/5,46,42
2015/10/6,70,42
2015/10/7,58,46.5
2015/10/8,49,50
2015/10/9,10,52
2015/10/10,21,51
2015/10/11,18,50.5
2015/10/12,7,48
2015/10/13,12,44.5
2015/10/14,40,43.5
2015/10/15,47,40.5
2015/10/16,24,47.5
2015/10/17,9,52
2015/10/18,2,49
2015/10/19,2,47
2015/10/20,23,45.5
2015/10/21,13,47
2015/10/22,2,47.5
2015/10/27,86,36.5
2015/10/28,24,42.5
2015/10/29,11,44.5
2015/10/30,21,43.5
2015/10/31,51,39.5
2015/11/1,71,36.5
2015/11/2,62,32.5
2015/11/3,26,40.5
2015/11/4,0,38.5
2015/11/5,24,36
2015/11/8,20,40.5
2015/11/11,11,37.5
2015/11/12,5,39
2015/11/13,13,39
2015/11/14,4,36.5
2015/11/15,20,34.5
2015/11/16,29,33.5
2015/11/17,15,30
2015/11/18,22,29
2015/11/19,51,30.5
2015/11/20,15,37.5
2015/11/21,11,42.5
2015/11/22,21,32.5
2015/11/23,64,24.5
2015/11/24,59,30
2015/11/25,47,32
2015/11/26,69,28.5
2015/11/27,49,33.5
2015/11/28,14,39.5
2015/11/29,19,43
2015/11/30,11,41
2015/12/1,20,40.5
2015/12/2,32,37.5
2015/12/3,38,32
2015/12/4,69,28.5
2015/12/5,74,29
2015/12/6,62,29.5
2015/12/7,56,35
2015/12/8,33,37
2015/12/9,8,39.5
2015/12/10,58,31
2015/12/11,92,25.5
2015/12/12,58,29
2015/12/13,59,24.5
2015/12/14,44,32.5
2015/12/15,50,35.5
2015/12/16,57,33.5
2015/12/17,54,34.5
2015/12/18,63,32
2015/12/19,58,35
2015/12/20,44,33.5
2015/12/21,16,35.5
2015/12/22,37,33.5
2015/12/24,63,23.5
2015/12/25,84,19
2015/12/26,53,27
2015/12/27,68,29.5
2015/12/28,42,27.5
2015/12/29,42,34.5
2015/12/30,26,34.5
2015/12/31,8,39
2016/1/1,12,38
2016/1/2,24,38.5
2016/1/3,53,32
2016/1/4,79,26.5
2016/1/5,72,25
2016/1/6,70,24
2016/1/7,77,22.5
2016/1/8,70,22.5
2016/1/9,57,32.5
2016/1/10,64,34.5
2016/1/11,52,37.5
2016/1/12,51,39
2016/1/13,64,36
2016/1/14,64,38
2016/1/15,52,35
2016/1/16,53,33.5
2016/1/17,54,34
2016/1/18,60,36
2016/1/19,57,35
2016/1/20,60,37
2016/1/21,55,38
2016/1/22,18,39
2016/1/23,20,39
2016/1/24,11,39
2016/1/25,27,39
2016/1/26,18,41
2016/1/27,17,44
2016/1/28,8,42.5
2016/1/29,19,37.5
2016/1/30,72,34
2016/1/31,82,30.5
2016/2/1,58,30.5
2016/2/2,51,34.5
2016/2/3,57,35
2016/2/4,12,39
2016/2/5,37,37
2016/2/6,45,36.5
2016/2/7,43,37.5
2016/2/8,28,41.5
2016/2/9,49,39.5
2016/2/10,40,41
2016/2/11,32,41.5
2016/2/12,28,41
2016/2/13,26,41.5
2016/2/14,31,40
2016/2/15,24,37.5
2016/2/18,62,27.5
2016/2/19,64,27
2016/2/23,56,31.5
2016/2/24,36,39.5
2016/2/25,14,42.5
2016/2/26,9,43
2016/2/27,33,43.5
2016/2/28,35,41
2016/2/29,34,37
2016/3/1,59,35
2016/3/2,52,35.5
2016/3/3,54,32
2016/3/4,53,38
2016/3/5,47,39.5
2016/3/6,28,38
2016/3/7,40,38.5
2016/3/8,31,38
2016/3/9,30,36
2016/3/10,30,36.5
2016/3/11,16,38
2016/3/12,52,38
2016/3/13,59,38.5
2016/3/14,56,35.5
2016/3/15,38,38.5
2016/3/16,32,38
2016/3/17,27,40.5
2016/3/18,30,39.5
2016/3/19,25,42
2016/3/20,39,42.5
2016/3/21,52,43
2016/3/22,30,43
2016/3/23,31,43
2016/3/24,41,42
2016/3/25,7,44.5
2016/3/26,7,41.5
2016/3/27,9,42.5
2016/3/28,19,41.5
2016/3/29,12,45
2016/3/30,17,45
2016/3/31,29,47.5
2016/4/1,38,45
2016/4/2,12,43.5
2016/4/3,34,44.5
2016/4/4,32,42
2016/4/5,6,45
2016/4/6,12,43.5
2016/4/7,29,46
2016/4/9,42,43
2016/4/10,58,41.5
2016/4/11,24,45
2016/4/12,22,45.5
2016/4/13,21,43.5
2016/4/14,45,38.5
2016/4/15,12,45.5
2016/4/16,22,45.5
2016/4/17,35,45
2016/4/18,11,45
2016/4/23,20,49
2016/4/24,14,43
2016/4/25,11,46
2016/4/26,9,48.5
2016/4/27,6,47
2016/4/28,1,45
2016/4/29,8,43.5
2016/4/30,7,45
2016/5/1,5,45.5
2016/5/6,5,47
2016/5/7,2,46
2016/5/8,3,50
2016/5/9,21,48.5
2016/5/10,17,48.5
2016/5/11,46,55
2016/5/12,23,56
2016/5/13,28,59
2016/5/14,42,59
2016/5/15,43,57.5
2016/5/16,0,52
2016/5/17,0,50.5
2016/5/18,3,49.5
2016/5/19,18,52.5
2016/5/20,32,54.5
2016/5/21,33,56
2016/5/22,14,53
2016/5/23,4,52
2016/5/24,4,50
2016/5/25,7,51.5
2016/5/26,17,54.5
2016/5/27,30,57
2016/5/28,32,58
2016/5/29,17,57
2016/5/30,6,49.5
2016/5/31,25,52.5
2016/6/1,7,52
2016/6/2,3,53.5
2016/6/3,0,53
2016/6/4,6,53.5
2016/6/5,35,50.5
2016/6/6,0,53
2016/6/7,2,52.5
2016/6/8,11,55
2016/6/10,18,61.5
2016/6/11,18,54.5
2016/6/12,0,54
2016/6/13,1,51.5
2016/6/14,19,52
2016/6/15,5,62
2016/6/16,15,67
2016/6/17,22,57
2016/6/18,13,59.5
2016/6/19,21,57.5
2016/6/20,29,52.5
2016/6/21,3,56
2016/6/22,10,62.5
2016/6/23,52,60.5
2016/6/24,9,57.5
2016/6/25,0,55
2016/6/26,3,56
2016/6/27,17,60
2016/6/28,22,60
2016/6/29,36,62
2016/6/30,2,57
2016/7/1,11,55.5
2016/7/2,11,58
2016/7/3,52,56.5
2016/7/4,22,60
2016/7/5,13,59
2016/7/6,6,59.5
2016/7/7,22,62
2016/7/8,32,66
2016/7/9,54,66.5
2016/7/10,34,59
2016/7/11,42,62.5
2016/7/12,33,63.5
2016/7/13,23,60.5
2016/7/14,16,60.5
2016/7/15,26,62
2016/7/16,27,64
2016/7/17,46,64.5
2016/7/18,54,66.5
2016/7/19,48,61.5
2016/7/22,0,55
2016/7/23,2,56
2016/7/24,4,54.5
2016/7/25,0,56
2016/7/26,0,55
2016/7/27,0,56
2016/7/28,2,60.5
2016/7/29,16,57
2016/7/30,7,58
2016/7/31,0,58
2016/8/1,23,60
2016/8/2,28,58.5
2016/8/3,0,57
2016/8/4,25,59
2016/8/5,21,60
2016/8/6,19,61.5
2016/8/7,3,62
2016/8/8,0,57
2016/8/9,0,60
2016/8/10,6,56
2016/8/11,10,59
2016/8/13,14,58.5
2016/8/14,0,58
2016/8/15,3,58.5
2016/8/16,10,58
2016/8/22,22,58
2016/8/28,31,60
2016/8/29,5,58
2016/9/3,44,55.5
2016/9/9,11,52.5
2016/9/15,16,54.5
2016/9/27,24,48
2016/10/1,83,43.5
2016/10/2,78,42
2016/10/3,58,44.5
2016/10/8,37,42
2016/10/9,56,37.5
2016/10/10,55,37
2016/10/11,52,36.5
2016/10/12,51,35.5
2016/10/13,22,39
2016/10/14,34,39
2016/10/15,46,37.5
2016/10/16,63,34
2016/10/17,11,40.5
2016/10/18,7,46.5
2016/10/20,21,43.5
2016/10/21,29,42.5
2016/10/22,21,42.5
2016/10/23,26,39
2016/10/24,32,37.5
2016/10/25,19,40.5
2016/10/26,54,34
2016/10/27,64,37
2016/10/28,67,40
2016/10/29,63,37.5
2016/10/30,72,36
2016/10/31,59,33.5
2016/11/1,55,36
2016/11/2,16,43.5
2016/11/3,4,43.5
2016/11/4,17,43
2016/11/5,23,42.5
2016/11/6,39,41
2016/11/7,6,44.5
2016/11/8,9,46.5
2016/11/9,3,49
2016/11/10,3,49.5
2016/11/11,6,45.5
2016/11/12,2,45
2016/11/13,1,46
2016/11/14,11,41
2016/11/15,43,35.5
2016/11/16,57,32
2016/11/17,53,30.5
2016/11/18,82,26.5
2016/11/19,72,24.5
2016/11/20,62,22
2016/11/21,61,20
2016/11/22,54,28
2016/11/23,58,29.5
2016/11/24,79,28
2016/11/25,54,33.5
2016/11/26,14,37.5
2016/11/27,35,34
2016/11/28,42,34
2016/11/29,6,41
2016/11/30,28,37.5
2016/12/1,28,39.5
2016/12/2,9,40.5
2016/12/3,34,36
2016/12/4,30,24.5
2016/12/5,70,17.5
2016/12/6,53,18.5
2016/12/7,46,21
2016/12/8,75,13
2016/12/9,66,13.5
2016/12/10,49,13.5
2016/12/11,58,15
2016/12/12,71,13.5
2016/12/13,75,11
2016/12/14,72,14.5
2016/12/15,81,15
2016/12/16,71,15
2016/12/17,32,31
2016/12/18,11,35
2016/12/19,11,36.5
2016/12/20,8,36.5
2016/12/21,18,37
2016/12/22,39,31
2016/12/23,79,23
2016/12/24,90,20
2016/12/25,57,26.5
2016/12/26,53,32.5
2016/12/27,53,34.5
2016/12/28,13,35.5
2016/12/29,16,35
2016/12/30,17,35.5
2016/12/31,64,27
2017/1/1,103,24
2017/1/2,76,23
2017/1/3,71,22.5
2017/1/4,37,24.5
2017/1/5,61,25.5
2017/1/6,4,26.5
2017/1/7,54,20.5
2017/1/8,60,21.5
2017/1/9,69,22
2017/1/10,82,21.5
2017/1/11,66,18.5
2017/1/12,19,32.5
2017/1/13,2,38
2017/1/14,0,40.5
2017/1/15,3,40.5
2017/1/16,4,39.5
2017/1/17,29,34
2017/1/18,53,34.5
2017/1/19,24,34
2017/1/20,41,20.5
2017/1/21,57,18
2017/1/22,59,22
2017/1/23,17,32
2017/1/24,9,37.5
2017/1/25,5,40.5
2017/1/26,4,43
2017/1/27,25,39
2017/1/28,15,40
2017/1/29,19,34
2017/1/30,54,27.5
2017/1/31,43,25
2017/2/1,59,24
2017/2/2,52,28
2017/2/3,21,32
2017/2/4,62,31.5
2017/2/5,60,27.5
2017/2/6,39,25.5
2017/2/7,59,23.5
2017/2/8,65,19.5
2017/2/9,54,24.5
2017/2/10,20,30.5
2017/2/11,2,34
2017/2/12,13,38
2017/2/13,0,43.5
2017/2/14,17,47
2017/2/15,14,36
2017/2/16,48,31.5
2017/2/17,49,34
2017/2/18,52,30.5
2017/2/19,41,30.5
2017/2/20,60,27.5
2017/2/21,52,26.5
2017/2/22,53,25
2017/2/23,48,28
2017/2/24,52,27
2017/2/25,31,32.5
2017/2/26,60,27.5
2017/2/27,55,27.5
2017/2/28,10,29
2017/3/1,14,30.5
2017/3/2,14,25.5
2017/3/3,23,19
2017/3/4,33,14.5
2017/3/5,23,12.5
2017/3/6,15,14
2017/3/7,51,14.5
2017/3/8,33,17.5
2017/3/9,39,18.5
2017/3/10,22,18.5
2017/3/11,33,18
2017/3/12,48,16.5
2017/3/13,25,25.5
2017/3/14,29,27
2017/3/15,14,31.5
2017/3/16,14,33
2017/3/17,12,29
2017/3/18,40,23
2017/3/19,22,29
2017/3/20,12,33
2017/3/21,46,33
2017/3/22,21,36
2017/3/23,34,32.5
2017/3/24,14,33
2017/3/25,17,35.5
2017/3/26,19,36.5
2017/3/27,11,37
2017/3/28,6,39
2017/3/29,15,38.5
2017/3/30,8,39
2017/3/31,8,40
2017/4/1,11,40
2017/4/2,18,38.5
2017/4/3,9,40.5
2017/4/4,11,44
2017/4/5,9,44
2017/4/6,0,39.5
2017/4/7,37,40
2017/4/8,34,40
2017/4/9,32,44
2017/4/10,21,43
2017/4/11,29,41.5
2017/4/12,15,44.5
2017/4/13,17,46.5
2017/4/14,8,43.5
2017/4/15,21,41
2017/4/16,24,42.5
2017/4/17,0,41.5
2017/4/18,0,41.5
2017/4/19,19,40
2017/4/20,12,43.5
2017/4/21,13,43
2017/4/22,56,45.5
2017/4/23,58,46
2017/4/24,19,46.5
2017/4/25,18,49
2017/4/26,19,45
2017/4/27,1,45.5
2017/4/28,5,40.5
2017/4/29,10,45
2017/4/30,15,43
2017/5/1,8,42.5
2017/5/2,6,46
2017/5/3,10,44
2017/5/4,31,44.5
2017/5/5,52,44.5
2017/5/6,27,46.5
2017/5/7,13,45
2017/5/8,0,44.5
2017/5/9,6,45.5
2017/5/10,15,47.5
2017/5/11,21,52.5
2017/5/12,24,50.5
2017/5/13,15,47
2017/5/14,0,44.5
2017/5/16,5,53.5
2017/5/17,15,53
2017/5/18,11,49
2017/5/19,12,48.5
2017/5/20,48,50
2017/5/21,49,53
2017/5/22,54,52
2017/5/23,44,55
2017/5/24,58,51
2017/5/25,51,48.5
2017/5/26,44,48
2017/5/27,60,48.5
2017/5/28,62,53
2017/5/29,53,57.5
2017/5/30,49,55
2017/5/31,34,51
2017/6/1,15,55
2017/6/2,2,57
2017/6/3,4,49
2017/6/6,14,56.5
2017/6/7,4,60
2017/6/8,22,62.5
2017/6/9,12,54.5
2017/6/10,19,52.5
2017/6/11,12,49.5
2017/6/12,7,49
2017/6/13,4,49
2017/6/14,7,52
2017/6/15,5,51
2017/6/16,12,46.5
2017/6/17,17,47.5
2017/6/18,23,58
2017/6/19,18,55
2017/6/20,8,51.5
2017/6/21,9,54
2017/6/22,11,54
2017/6/23,23,54
2017/6/24,23,55.5
2017/6/25,15,53.5
2017/6/26,7,52
2017/6/27,11,54.5
2017/6/28,10,57.5
2017/6/29,16,57.5
2017/6/30,2,53
2017/7/1,13,53
2017/7/2,5,54
2017/7/3,24,53
2017/7/4,14,52.5
2017/7/5,13,57
2017/7/6,33,58.5
2017/7/7,32,57
2017/7/8,19,56
2017/7/9,6,53
2017/7/10,4,53.5
2017/7/11,0,52
2017/7/12,14,55
2017/7/13,7,56
2017/7/14,15,54.5
2017/7/15,19,52.5
2017/7/16,5,53.5
2017/7/17,0,56
2017/7/18,12,58.5
2017/7/19,6,56.5
2017/7/20,20,57
2017/7/21,24,60.5
2017/7/22,19,54.5
2017/7/23,18,56
2017/7/24,17,57.5
2017/7/25,12,57
2017/7/26,3,54.5
2017/7/27,24,56
2017/7/28,20,53
2017/7/29,19,54
2017/7/30,7,57.5
2017/7/31,3,59.5
2017/8/1,29,58
2017/8/2,24,60
2017/8/3,6,62.5
2017/8/4,25,62.5
2017/8/5,47,65
2017/8/6,56,66
2017/8/7,53,59.5
2017/8/8,44,61.5
2017/8/10,36,60.5
2017/8/11,43,59
2017/8/12,29,57.5
2017/8/13,2,59
2017/8/14,17,53.5
2017/8/15,4,54
2017/8/16,0,53.5
2017/8/17,17,52
2017/8/18,9,52
2017/8/19,27,51.5
2017/8/20,19,53.5
2017/8/21,29,56.5
2017/8/22,19,55
2017/8/23,14,54
2017/8/24,4,54
2017/8/25,2,53.5
2017/8/26,13,54
2017/8/27,26,54
2017/8/28,29,53.5
2017/8/29,29,55.5
2017/8/30,17,56.5
2017/8/31,6,52.5
2017/9/1,12,54.5
2017/9/2,26,51
2017/9/3,54,47
2017/9/4,12,56
2017/9/5,50,60.5
2017/9/6,39,56.5
2017/9/7,11,54.5
2017/9/8,4,53.5
2017/9/9,6,52
2017/9/10,13,51.5
2017/9/11,18,50
2017/9/12,21,50.5
2017/9/13,24,49.5
2017/9/14,32,50.5
2017/9/15,31,52
2017/9/16,25,50
2017/9/17,13,50
2017/9/18,14,48.5
2017/9/19,17,49
2017/9/20,36,51.5
2017/9/21,55,47.5
2017/9/22,7,50.5
2017/9/23,12,52.5
2017/9/24,11,51.5
2017/9/25,29,48.5
2017/9/26,12,52.5
2017/9/27,7,57
2017/9/28,75,49.5
2017/9/29,65,46.5
2017/9/30,67,44
2017/10/1,57,43
2017/10/2,36,41
2017/10/3,13,46.5
2017/10/4,13,47.5
2017/10/5,11,47.5
2017/10/6,18,46.5
2017/10/7,43,44
2017/10/8,19,46
2017/10/9,22,42
2017/10/10,29,40.5
2017/10/11,37,39.5
2017/10/13,18,35
2017/10/14,4,42.5
2017/10/15,3,45
2017/10/16,7,41
2017/10/17,8,42
2017/10/18,14,40.5
2017/10/19,52,37.5
2017/10/20,8,40.5
2017/10/21,20,40
2017/10/22,28,41
2017/10/23,9,41.5
2017/10/24,23,35.5
2017/10/25,30,34.5
2017/10/26,1,44
2017/10/27,8,46
2017/10/28,51,40
2017/10/29,48,36
2017/10/30,37,41.5
2017/10/31,23,39
2017/11/1,17,38
2017/11/2,41,33
2017/11/3,71,30.5
2017/11/4,54,33.5
2017/11/5,59,28.5
2017/11/6,55,34
2017/11/7,44,30.5
2017/11/8,58,27.5
2017/11/9,64,28
2017/11/10,36,32.5
2017/11/11,29,26.5
2017/11/12,59,23
2017/11/13,32,26.5
2017/11/14,34,29.5
2017/11/15,55,22.5
2017/11/16,62,20
2017/11/17,32,28
2017/11/18,44,25
2017/11/19,65,14.5
2017/11/20,53,21
2017/11/21,46,19
2017/11/22,57,19.5
2017/11/23,56,24.5
2017/11/24,42,28.5
2017/11/25,39,24
2017/11/26,71,15.5
2017/11/27,42,28
2017/11/28,29,31.5
2017/11/29,5,37
2017/11/30,7,35
2017/12/1,53,29
2017/12/2,52,30.5
2017/12/3,12,37.5
2017/12/4,6,39
2017/12/5,0,41.5
2017/12/6,2,46
2017/12/7,2,47.5
2017/12/8,4,48.5
2017/12/9,1,44.5
2017/12/10,12,44.5
2017/12/11,16,44
2017/12/12,27,42
2017/12/13,0,44
2017/12/14,8,43.5
2017/12/15,7,38.5
2017/12/19,61,25.5
2017/12/21,54,26
2017/12/22,71,20.5
2017/12/23,85,18.5
2017/12/24,88,16
2017/12/25,68,18.5
2017/12/26,59,23
2017/12/27,70,19
2017/12/28,60,17
2017/12/29,71,14.5
2017/12/30,88,7.5
2017/12/31,76,10
2018/1/1,45,29
2018/1/2,2,39.5
2018/1/3,21,38.5
2018/1/4,41,35
2018/1/5,37,35
2018/1/6,16,37.5
2018/1/7,22,34.5
2018/1/8,46,25.5
2018/1/9,24,17.5
2018/1/10,50,12
2018/1/11,66,13
2018/1/12,53,21
2018/1/13,34,35.5
2018/1/14,11,47
2018/1/15,24,43
2018/1/16,27,39.5
2018/1/17,43,33.5
2018/1/18,72,27.5
2018/1/19,69,32.5
2018/1/20,56,32.5
2018/1/21,59,28.5
2018/1/22,51,30.5
2018/1/23,47,25
2018/1/24,51,25.5
2018/1/25,60,19.5
2018/1/26,52,22
2018/1/27,71,21.5
2018/1/28,43,19.5
2018/1/29,39,23
2018/1/30,55,22
2018/1/31,46,22.5
2018/2/1,22,19
2018/2/2,46,16.5
2018/2/3,72,14.5
2018/2/4,83,18
2018/2/5,81,17.5
2018/2/6,59,22.5
2018/2/7,53,23.5
2018/2/8,69,19.5
2018/2/9,76,16
2018/2/10,85,16
2018/2/11,74,17
2018/2/12,54,30
2018/2/13,47,32
2018/2/14,58,26
2018/2/15,31,30.5
2018/2/16,58,22.5
2018/2/17,58,20
2018/2/18,72,18
2018/2/19,61,24.5
2018/2/20,66,23.5
2018/2/21,51,27.5
2018/2/22,39,26.5
2018/2/23,17,30.5
2018/2/24,21,25.5
2018/2/25,43,20
2018/2/26,11,25
2018/2/27,7,34
2018/2/28,9,30.5
2018/3/1,16,26
2018/3/2,23,20.5
2018/3/3,47,23.5
2018/3/4,52,25.5
2018/3/5,40,22
2018/3/6,35,20.5
2018/3/7,5,30.5
2018/3/8,8,33.5
2018/3/9,9,35
2018/3/10,23,36
2018/3/11,11,37.5
2018/3/12,26,35.5
2018/3/13,22,38.5
2018/3/14,19,38.5
2018/3/15,24,39.5
2018/3/16,17,38
2018/3/17,21,36
2018/3/18,46,34
2018/3/19,16,36
2018/3/20,19,34.5
2018/3/21,14,33
2018/3/22,2,35.5
2018/3/23,28,33
2018/3/24,36,30
2018/3/25,22,28.5
2018/3/26,34,25.5
2018/3/27,19,32.5
2018/3/29,34,38.5
2018/3/30,29,32
2018/3/31,31,31
2018/4/1,22,30.5
2018/4/2,21,33
2018/4/3,23,30
2018/4/4,41,30.5
2018/4/5,41,33.5
2018/4/6,27,39
2018/4/7,37,41.5
2018/4/8,27,41.5
2018/4/9,11,43.5
2018/4/10,15,44
2018/4/11,8,47
2018/4/12,7,47
2018/4/13,13,44
2018/4/14,23,40.5
2018/4/15,39,40.5
2018/4/16,24,36.5
2018/4/17,24,37.5
2018/4/18,2,38
2018/4/19,1,41.5
2018/4/20,13,39.5
2018/4/21,19,37.5
2018/4/22,0,41
2018/4/23,0,41.5
2018/4/24,6,42
2018/4/25,6,43
2018/4/26,5,44
2018/4/27,11,42.5
2018/4/28,30,44
2018/4/29,31,42
2018/4/30,11,41.5
2018/5/1,1,43
2018/5/2,29,42
2018/5/4,10,45
2018/5/8,41,52
2018/5/9,44,54
2018/5/10,59,56
2018/5/11,9,51
2018/5/12,11,53
2018/5/13,9,50
2018/5/14,16,46
2018/5/15,54,45
2018/5/16,54,46.5
2018/5/17,52,51
2018/5/18,58,57
2018/5/19,61,52.5
2018/5/20,33,51
2018/5/21,3,51.5
2018/5/22,8,48
2018/5/23,24,49
2018/5/24,19,48.5
2018/5/25,13,47.5
2018/5/26,8,46.5
2018/5/27,26,48
2018/5/28,13,45.5
2018/5/29,7,49.5
2018/5/30,33,51
2018/5/31,60,50.5
2018/6/1,37,51.5
2018/6/2,25,49.5
2018/6/3,60,49
2018/6/4,25,48
2018/6/5,37,53
2018/6/7,5,50.5
2018/6/8,53,52
2018/6/9,21,49.5
2018/6/10,8,48
2018/6/12,20,55.5
2018/6/13,20,57.5
2018/6/14,19,50
2018/6/15,66,55.5
2018/6/16,25,52.5
2018/6/17,21,57
2018/6/18,29,64
2018/6/19,73,65.5
2018/6/20,57,70
2018/6/21,75,65
2018/6/22,26,61
2018/6/23,39,55.5
2018/6/24,24,56
2018/6/25,23,56.5
2018/6/26,17,54
2018/6/27,24,55
2018/6/28,26,55.5
2018/6/29,13,54.5
2018/6/30,17,56
2018/7/1,19,56
2018/7/2,25,60
2018/7/3,54,65.5
2018/7/4,76,67
2018/7/5,51,66.5
2018/7/6,48,67
2018/7/7,43,61
2018/7/8,40,61.5
2018/7/9,23,61
2018/7/10,11,57.5
2018/7/11,11,52.5
2018/7/12,13,58.5
2018/7/13,43,59.5
2018/7/14,39,55.5
2018/7/15,3,52
2018/7/16,11,54.5
2018/7/17,11,56.5
2018/7/18,28,54
2018/7/19,16,58.5
2018/7/20,36,60.5
2018/7/21,48,63.5
2018/7/22,50,65
2018/7/23,53,65
2018/7/24,55,65
2018/7/25,56,64
2018/7/26,19,65
2018/7/27,13,65.5
2018/7/28,26,64
2018/7/29,33,64
2018/7/30,28,66
2018/8/2,11,58.5
2018/8/3,16,59.5
2018/8/4,29,62.5
2018/8/5,32,63
2018/8/6,18,61
2018/8/7,11,59.5
2018/8/8,16,58.5
2018/8/9,15,57.5
2018/8/10,26,57.5
2018/8/11,36,58.5
2018/8/12,17,56
2018/8/13,14,57
2018/8/14,21,57.5
2018/8/15,31,56.5
2018/8/16,33,57
2018/8/17,39,57
2018/8/18,54,57
2018/8/19,46,56
2018/8/20,28,59
2018/8/21,42,58.5
2018/8/22,26,55.5
2018/8/23,28,55
2018/8/24,14,54
2018/8/25,24,54
2018/8/26,26,56
2018/8/27,10,55.5
2018/8/28,7,56
2018/8/29,23,58.5
2018/8/30,18,55
2018/8/31,26,55
2018/9/1,21,53
2018/9/2,52,55
2018/9/3,54,53
2018/9/4,36,52
2018/9/5,46,54.5
2018/9/6,41,55.5
2018/9/7,30,50.5
2018/9/8,29,54.5
2018/9/9,18,57.5
2018/9/14,46,49
2018/9/15,56,46.5
2018/9/16,56,44
2018/9/17,53,43.5
2018/9/18,55,44.5
2018/9/19,61,44.5
2018/9/20,63,45.5
2018/9/21,56,45
2018/9/22,57,42
2018/9/23,22,51
2018/9/24,32,51.5
2018/9/25,15,52.5
2018/9/26,22,49
2018/9/27,48,48.5
2018/9/28,40,46
2018/9/29,68,50
2018/9/30,56,47
2018/10/1,53,48.5
2018/10/2,33,41
2018/10/3,49,39.5
2018/10/4,30,43
2018/10/5,22,43.5
2018/10/6,21,47
2018/10/7,23,46
2018/10/8,27,42.5
2018/10/9,48,39.5
2018/10/10,53,38
2018/10/11,14,46.5
2018/10/12,31,46
2018/10/16,22,49.5
2018/10/17,27,49.5
2018/10/18,32,48.5
2018/10/19,15,49.5
2018/10/20,22,49.5
2018/10/21,18,49
2018/10/22,23,47
2018/10/23,14,49.5
2018/10/24,15,50
2018/10/25,19,47.5
2018/10/26,21,42.5
2018/10/27,31,41.5
2018/10/28,42,41.5
2018/10/29,42,43.5
2018/10/30,25,43.5
2018/10/31,49,37
2018/11/1,34,34.5
2018/11/2,33,35.5
2018/11/3,40,33
2018/11/4,56,34.5
2018/11/5,48,30.5
2018/11/6,55,29
2018/11/7,53,28
2018/11/8,18,40
2018/11/9,38,40.5
2018/11/10,34,42.5
2018/11/11,14,44
2018/11/12,21,43.5
2018/11/13,23,44.5
2018/11/14,28,43
2018/11/15,22,39
2018/11/16,33,33
2018/11/17,23,41.5
2018/11/18,34,47.5
2018/11/19,10,48
2018/11/20,14,44.5
2018/11/21,41,40
2018/11/22,59,36
2018/11/23,68,32
2018/11/24,63,32.5
2018/11/25,28,42
2018/11/26,13,44.5
2018/11/27,28,41
2018/11/28,37,38
2018/11/29,31,38
2018/11/30,34,34.5
2018/12/1,69,25.5
2018/12/2,83,24
2018/12/3,64,25.5
2018/12/4,58,33.5
2018/12/5,52,34.5
2018/12/6,40,35
2018/12/7,32,35.5
2018/12/8,13,43.5
2018/12/9,19,42
2018/12/10,17,39.5
2018/12/11,31,36.5
2018/12/12,36,34.5
2018/12/13,51,33.5
2018/12/14,67,25.5
2018/12/15,55,25.5
2018/12/16,32,37
2018/12/17,33,39
2018/12/18,47,36.5
2018/12/19,27,38
2018/12/20,44,33
2018/12/21,47,30.5
2018/12/22,59,28
2018/12/23,52,30
2018/12/24,54,30.5
2018/12/25,57,30.5
2018/12/26,42,33.5
2018/12/27,29,35.5
2018/12/28,47,34.5
2018/12/29,74,29
2018/12/30,67,33
2018/12/31,33,39
2019/1/1,39,42.5
2019/1/2,29,38
2019/1/3,57,31.5
2019/1/4,75,23
2019/1/5,81,17.5
2019/1/6,69,18
2019/1/7,57,15.5
2019/1/8,57,14.5
2019/1/9,63,16.5
2019/1/10,45,24
2019/1/11,52,29
2019/1/12,44,33
2019/1/13,51,33
2019/1/14,37,34.5
2019/1/15,48,32
2019/1/16,63,28
2019/1/17,80,26.5
2019/1/18,68,23.5
2019/1/19,65,24.5
2019/1/20,61,28
2019/1/21,39,33
2019/1/22,43,30.5
2019/1/23,39,33
2019/1/24,17,39.5
2019/1/25,27,42.5
2019/1/26,39,40.5
2019/1/27,49,32.5
2019/1/28,54,31
2019/1/29,26,36
2019/1/30,38,38.5
2019/1/31,31,30
2019/2/1,19,16
2019/2/2,42,11
2019/2/3,56,13
2019/2/4,61,17.5
2019/2/5,60,20
2019/2/6,54,27
2019/2/7,53,22.5
2019/2/8,64,22
2019/2/9,66,19.5
2019/2/10,59,20
2019/2/11,63,18.5
2019/2/12,60,18.5
2019/2/13,50,29.5
2019/2/14,28,30
2019/2/15,53,24.5
2019/2/16,67,18
2019/2/17,58,18.5
2019/2/18,26,31
2019/2/19,47,34.5
2019/2/20,33,33.5
2019/2/21,29,34
2019/2/22,28,27.5
2019/2/23,35,24
2019/2/24,55,23
2019/2/25,56,27.5
2019/2/26,61,28.5
2019/2/27,60,32.5
2019/2/28,63,34
2019/3/1,58,32
2019/3/2,43,32
2019/3/3,55,26
2019/3/4,56,24
2019/3/5,55,25
2019/3/6,56,25.5
2019/3/7,58,26.5
2019/3/8,57,28.5
2019/3/9,28,37
2019/3/10,17,36.5
2019/3/11,26,38
2019/3/12,27,37.5
2019/3/13,22,39.5
2019/3/14,38,38
2019/3/15,24,38
2019/3/16,22,41.5
2019/3/17,19,47.5
2019/3/18,21,49.5
2019/3/19,39,45.5
2019/3/20,58,41.5
2019/3/21,50,43.5
2019/3/22,54,43.5
2019/3/23,29,44.5
2019/3/24,43,42
2019/3/25,48,39.5
2019/3/26,43,43.5
2019/3/27,51,41.5
2019/3/28,57,42
2019/3/29,55,40
2019/3/30,68,40.5
2019/3/31,61,43.5
2019/4/1,60,43
2019/4/2,61,43.5
2019/4/3,60,43.5
2019/4/4,29,40
2019/4/5,24,39.5
2019/4/6,34,44.5
2019/4/7,23,45
2019/4/8,18,41.5
2019/4/9,22,41.5
2019/4/10,28,40
2019/4/11,28,40
2019/4/12,36,42.5
2019/4/13,33,42.5
2019/4/14,34,43
2019/4/15,23,43
2019/4/16,19,43.5
2019/4/17,23,44.5
2019/4/18,19,43
2019/4/19,21,42
2019/4/20,26,42.5
2019/4/21,22,42.5
2019/4/22,24,43.5
2019/4/23,24,37.5
2019/4/24,24,38.5
2019/4/25,31,38
2019/4/26,22,45
2019/4/27,52,44.5
2019/4/28,40,44
2019/4/29,27,45
2019/4/30,31,46
2019/5/1,41,50.5
2019/5/2,20,47
2019/5/3,14,46.5
2019/5/4,33,43.5
2019/5/5,23,44.5
2019/5/6,17,44
2019/5/7,19,45.5
2019/5/8,17,48
2019/5/9,15,50.5
2019/5/10,31,49.5
2019/5/11,26,49.5
2019/5/12,23,46
2019/5/13,9,50.5
2019/5/14,9,50
2019/5/15,6,51.5
2019/5/16,9,51.5
2019/5/18,28,54
2019/5/19,32,53
2019/5/20,33,57
2019/5/21,32,59.5
2019/5/22,28,55.5
2019/5/23,20,50.5
2019/5/24,15,48
2019/5/25,36,54.5
2019/5/26,56,58.5
2019/5/27,53,60
2019/5/28,21,58
2019/5/29,11,53.5
2019/5/30,28,56
2019/5/31,17,56.5
2019/6/1,14,50.5
2019/6/2,8,52.5
2019/6/3,13,50
2019/6/4,8,51.5
2019/6/5,5,50.5
2019/6/6,12,56
2019/6/7,19,54
2019/6/8,17,53
2019/6/9,12,57.5
2019/6/10,9,53.5
2019/6/11,2,55
2019/6/12,3,55
2019/6/13,7,56.5
2019/6/14,27,54.5
2019/6/15,17,57
2019/6/16,7,56
2019/6/17,6,56
2019/6/18,6,51
2019/6/19,6,53
2019/6/20,18,60.5
2019/6/21,27,60
2019/6/22,14,55.5
2019/6/23,6,56.5
2019/6/24,17,57
2019/6/25,22,60.5
2019/6/26,38,64.5
2019/6/27,67,67
2019/6/28,39,69
2019/6/29,61,70.5
2019/6/30,61,65
2019/7/1,69,65.5
2019/7/2,81,63
2019/7/3,60,68
2019/7/4,73,68
2019/7/5,87,71
2019/7/6,115,68.5
2019/7/7,145,68
2019/7/8,108,63.5
2019/7/9,72,61.5
2019/7/10,75,63.5
2019/7/11,65,60
2019/7/12,29,58
2019/7/13,21,57
2019/7/14,32,58.5
2019/7/15,28,61.5
2019/7/16,5,57.5
2019/7/17,12,59
2019/7/18,16,56.5
2019/7/19,8,56
2019/7/20,8,55.5
2019/7/21,16,58
2019/7/22,32,59
2019/7/23,31,63.5
2019/7/24,14,58
2019/7/25,12,55
2019/7/26,6,58.5
2019/7/27,7,59
2019/7/28,14,56.5
2019/7/29,16,56.5
2019/7/30,15,58
2019/7/31,25,60
2019/8/1,31,61
2019/8/2,31,60.5
2019/8/3,47,63
2019/8/4,41,59.5
2019/8/5,36,61.5
2019/8/6,29,61.5
2019/8/7,32,68
2019/8/8,22,68.5
2019/8/9,7,63
2019/8/10,31,60.5
2019/8/11,42,62.5
2019/8/12,40,61
2019/8/13,48,60
2019/8/14,36,62
2019/8/15,8,63.5
2019/8/16,5,61
2019/8/17,3,60
2019/8/18,4,54
2019/8/19,2,53.5
2019/8/20,2,51.5
2019/8/21,11,56
2019/8/22,17,52
2019/8/23,10,51.5
2019/8/24,15,55
2019/8/25,49,53.5
2019/8/26,34,52
2019/8/27,10,54
2019/8/28,17,52.5
2019/8/29,36,54.5
2019/8/30,42,54.5
2019/8/31,52,56
2019/9/1,43,57.5
2019/9/2,17,54
2019/9/3,3,58
2019/9/4,23,55.5
2019/9/5,14,55.5
2019/9/6,51,55
2019/9/7,48,53.5
2019/9/8,53,56
2019/9/9,32,54.5
2019/9/10,31,54
2019/9/11,26,50
2019/9/12,12,55.5
2019/9/13,8,52
2019/9/14,26,52
2019/9/15,22,54.5
2019/9/16,24,51.5
2019/9/17,29,53.5
2019/9/18,14,48
2019/9/19,9,53.5
2019/9/20,5,54
2019/9/21,9,53
2019/9/22,20,49.5
2019/9/23,7,48
2019/9/24,19,50
2019/9/25,12,50.5
2019/9/26,23,44.5
2019/9/27,68,45
2019/9/28,59,41.5
2019/9/29,58,42
2019/9/30,27,47.5
2019/10/1,7,48
2019/10/2,21,46
2019/10/3,36,45.5
2019/10/4,29,46
2019/10/5,14,48.5
2019/10/6,4,45
2019/10/7,2,37
2019/10/8,6,34.5
2019/10/9,2,41
2019/10/10,1,45
2019/10/12,17,38.5
2019/10/13,31,37
2019/10/14,30,36
2019/10/15,18,39
2019/10/16,22,42.5
2019/10/17,17,43.5
2019/10/18,15,44
2019/10/19,12,43.5
2019/10/20,36,37
2019/10/21,38,34.5
2019/10/22,24,36.5
2019/10/23,10,44
2019/10/24,24,42.5
2019/10/25,44,40.5
2019/10/26,36,38
2019/10/27,27,39.5
2019/10/28,23,40.5
2019/10/29,17,40
2019/10/30,19,42
2019/10/31,1,43
2019/11/1,1,43
2019/11/2,3,45
2019/11/3,2,43.5
2019/11/5,18,36
2019/11/6,21,34
2019/11/7,14,40
2019/11/8,11,39
2019/11/9,18,36.5
2019/11/10,44,30.5
2019/11/11,55,30
2019/11/12,39,37
2019/11/13,5,44.5
2019/11/14,11,47
2019/11/15,6,46
2019/11/16,9,45.5
2019/11/17,20,45.5
2019/11/18,8,41
2019/11/19,11,40.5
2019/11/20,2,45.5
2019/11/21,4,43.5
2019/11/22,3,42.5
2019/11/23,15,40.5
2019/11/24,26,37.5
2019/11/25,32,34.5
2019/11/26,33,27.5
2019/11/27,57,24
2019/11/28,58,27.5
2019/11/29,55,31.5
2019/11/30,27,34.5
2019/12/1,4,37
2019/12/2,6,38.5
2019/12/3,18,34
2019/12/4,18,34
2019/12/5,12,35
2019/12/6,23,35
2019/12/7,53,33.5
2019/12/8,43,38.5
2019/12/9,28,37
2019/12/10,16,39
2019/12/11,31,37.5
2019/12/12,33,37.5
2019/12/13,18,39
2019/12/14,52,36
2019/12/15,61,32
2019/12/16,53,32
2019/12/17,37,34.5
2019/12/18,16,39
2019/12/19,40,38
2019/12/20,31,35.5
2019/12/21,16,33.5
2019/12/22,41,34
2019/12/23,11,36
2019/12/24,14,36.5
2019/12/25,7,39
2019/12/26,7,40
2019/12/27,11,37.5
2019/12/28,17,40
2019/12/29,8,39.5
2019/12/30,6,40
2019/12/31,56,42
2020/1/1,36,35
2020/1/2,12,31
2020/1/3,36,25
2020/1/4,38,26
2020/1/5,56,21.5
2020/1/6,13,29
2020/1/7,27,31
2020/1/8,25,27
2020/1/9,42,20
2020/1/10,28,17.5
2020/1/11,58,12
2020/1/12,64,11
2020/1/13,70,10.5
2020/1/14,53,13.5
2020/1/15,47,14.5
2020/1/16,4,16
2020/1/17,39,9
2020/1/18,51,13
2020/1/19,52,25.5
2020/1/20,41,31
2020/1/21,52,33.5
2020/1/22,54,32.5
2020/1/23,18,36
2020/1/24,9,34
2020/1/25,13,34.5
2020/1/26,0,38.5
2020/1/27,2,37
2020/1/28,4,37.5
2020/1/29,8,37.5
2020/1/30,14,33.5
2020/1/31,6,30.5
2020/2/1,16,27.5
2020/2/2,22,22
2020/2/3,15,27.5
2020/2/4,17,34.5
2020/2/5,25,37.5
2020/2/6,27,37.5
2020/2/7,17,33.5
2020/2/8,16,36
2020/2/9,23,36
2020/2/10,0,37.5
2020/2/11,21,34.5
2020/2/12,1,35.5
2020/2/13,33,34.5
2020/2/14,21,31
2020/2/15,23,32
2020/2/16,7,29.5
2020/2/17,18,30
2020/2/18,2,37
2020/2/19,7,38.5
2020/2/20,0,36.5
2020/2/21,9,36
2020/2/22,3,34
2020/2/23,11,32.5
2020/2/24,7,30
2020/2/25,3,32.5
2020/2/26,4,37.5
2020/2/27,0,40
2020/2/28,9,37
2020/2/29,13,34.5
2020/3/1,3,37.5
2020/3/2,7,36
2020/3/3,7,34.5
2020/3/4,6,34
2020/3/5,12,31.5
2020/3/6,11,24.5
2020/3/7,25,26
2020/3/8,6,33
2020/3/9,2,35.5
2020/3/10,17,35
2020/3/11,23,26.5
2020/3/12,29,19.5
2020/3/13,35,21
2020/3/14,53,30
2020/3/15,52,33
2020/3/16,48,30.5
2020/3/17,49,32.5
2020/3/18,28,31
2020/3/19,20,38
2020/3/20,35,35.5
2020/3/21,27,34
2020/3/22,13,40.5
2020/3/23,11,31.5
2020/3/24,31,31.5
2020/3/25,42,30.5
2020/3/26,2,39
2020/3/27,2,32
2020/3/28,15,27.5
2020/3/29,7,24.5
2020/3/30,18,25.5
2020/3/31,26,25
2020/4/1,32,26.5
2020/4/2,26,28.5
2020/4/3,27,26
2020/4/4,33,30
2020/4/5,27,32
2020/4/6,21,38
2020/4/7,20,36.5
2020/4/8,10,37.5
2020/4/9,19,35.5
2020/4/10,28,34.5
2020/4/11,33,36
2020/4/12,36,39.5
2020/4/13,15,42
2020/4/14,3,44.5
2020/4/15,14,40.5
2020/4/21,10,43.5
2020/4/22,12,43
2020/4/23,14,44.5
2020/4/24,10,42.5
2020/4/25,17,46
2020/4/26,11,45.5
2020/4/27,12,45
2020/4/28,6,45
2020/4/29,7,44
2020/4/30,12,43
2020/5/1,44,45.5
2020/5/2,54,49.5
2020/5/3,9,50
2020/5/4,18,47
2020/5/5,25,44
2020/5/6,16,45
2020/5/7,19,49.5
2020/5/8,52,51.5
2020/5/9,52,57.5
2020/5/10,52,58
2020/5/11,29,54.5
2020/5/12,44,53
2020/5/13,43,55.5
2020/5/14,26,53.5
2020/5/15,28,52.5
2020/5/16,40,56
2020/5/17,35,55.5
2020/5/18,25,50
2020/5/19,12,48
2020/5/20,4,50
2020/5/21,30,49.5
2020/5/22,27,49.5
2020/5/23,22,56
2020/5/24,1,50.5
2020/5/25,1,48.5
2020/5/26,2,49
2020/5/27,11,49
2020/5/28,24,52
2020/5/29,26,54
2020/5/30,21,56
2020/5/31,14,51
2020/6/1,13,48
2020/6/2,9,49
2020/6/3,9,48
2020/6/4,8,51.5
2020/6/5,22,54
2020/6/6,32,52
2020/6/7,17,49.5
2020/6/8,16,49
2020/6/9,5,55
2020/6/10,13,58.5
2020/6/11,19,57.5
2020/6/12,19,57.5
2020/6/13,23,60.5
2020/6/14,7,53.5
2020/6/18,2,54
2020/6/19,3,56
2020/6/20,9,53.5
2020/6/21,10,51
2020/6/22,9,52.5
2020/6/23,12,54
2020/6/24,13,52.5
2020/6/25,7,49.5
2020/6/26,13,51.5
2020/6/28,29,54.5
2020/6/29,6,55
2020/6/30,17,56.5
2020/7/1,37,64.5
2020/7/2,50,65.5
2020/7/3,95,60
2020/7/4,69,61.5
2020/7/5,26,58.5
2020/7/6,34,57.5
2020/7/7,31,57
2020/7/8,25,54
2020/7/9,2,54.5
2020/7/10,14,57
2020/7/11,12,55.5
2020/7/12,27,54.5
2020/7/13,19,56
2020/7/14,0,54.5
2020/7/15,5,56.5
2020/7/16,6,56.5
2020/7/17,15,58.5
2020/7/18,11,56
2020/7/19,6,56.5
2020/7/20,3,56.5
2020/7/21,16,59.5
2020/7/22,14,58.5
2020/7/23,13,58
2020/7/24,21,56.5
2020/7/25,7,55
2020/7/26,2,58
2020/7/27,14,56
2020/7/28,31,55.5
2020/7/29,29,59
2020/7/30,34,62.5
2020/7/31,55,62.5
2020/8/1,22,63.5
2020/8/2,18,59
2020/8/3,16,57
2020/8/4,2,56.5
2020/8/5,17,56
2020/8/6,17,56
2020/8/7,7,54.5
2020/8/8,8,53.5
2020/8/9,3,54
2020/8/10,12,52.5
2020/8/11,17,54
2020/8/12,17,54
2020/8/13,27,52.5
2020/8/14,23,52
2020/8/15,11,55.5
2020/8/16,13,55
2020/8/17,9,54
2020/8/18,14,54.5
2020/8/19,40,56
2020/8/20,47,57
2020/8/21,17,54.5
2020/8/22,28,55
2020/8/23,12,55.5
2020/8/24,12,54.5
2020/8/25,7,53
2020/8/26,26,56
2020/8/27,35,56.5
2020/8/28,23,52
2020/8/29,32,53.5
2020/8/30,11,52.5
2020/8/31,8,55
2020/9/1,14,53
2020/9/2,8,52.5
2020/9/3,14,52.5
2020/9/4,43,51
2020/9/5,62,50.5
2020/9/6,66,49.5
2020/9/7,52,51.5
2020/9/8,11,57
2020/9/9,6,58
2020/9/10,47,55.5
2020/9/11,60,51.5
2020/9/12,61,48.5
2020/9/13,36,49
2020/9/14,25,49.5
2020/9/15,62,47.5
2020/9/16,59,49.5
2020/9/17,57,52
2020/9/18,53,51
2020/9/19,44,51
2020/9/20,26,50.5
2020/9/21,4,52
2020/9/22,23,52.5
2020/9/23,21,50.5
2020/9/24,16,49
2020/9/25,31,48.5
2020/9/26,12,51.5
2020/9/27,11,51
2020/9/28,29,49
2020/9/29,30,44.5
2020/9/30,33,46.5
2020/10/1,43,50
2020/10/2,17,50.5
2020/10/3,24,50.5
2020/10/4,12,50.5
2020/10/5,13,50
2020/10/6,24,49
2020/10/7,28,45
2020/10/8,23,45.5
2020/10/9,14,46.5
2020/10/10,17,46
2020/10/11,7,46.5
2020/10/12,14,46
2020/10/13,37,43.5
2020/10/14,27,43.5
2020/10/15,29,40.5
2020/10/16,29,39.5
2020/10/17,47,32
2020/10/18,60,33
2020/10/19,39,37
2020/10/20,23,35
2020/10/21,22,30.5
2020/10/22,52,30
2020/10/23,48,31.5
2020/10/24,57,29.5
2020/10/25,51,33
2020/10/26,13,45.5
2020/10/27,27,44
2020/10/28,25,42
2020/10/29,18,37
2020/10/30,26,37
2020/10/31,26,44.5
2020/11/1,17,38
2020/11/2,38,28
2020/11/3,34,29
2020/11/4,36,32
2020/11/5,41,24
2020/11/6,55,23
2020/11/7,73,21
2020/11/8,53,29.5
2020/11/9,33,32.5
2020/11/10,56,26.5
2020/11/11,22,32.5
2020/11/12,23,35.5
2020/11/13,43,36
2020/11/14,44,32.5
2020/11/15,63,26.5
2020/11/16,67,24
2020/11/17,46,26
2020/11/18,20,27.5
2020/11/19,6,28
2020/11/20,6,28
2020/11/21,6,31
2020/11/22,6,34
2020/11/23,0,35.5
2020/11/24,2,36
2020/11/25,2,37
2020/11/26,31,38
2020/11/27,30,34
2020/11/28,0,36
2020/11/29,16,37
2020/11/30,11,36
2020/12/1,1,41.5
2020/12/2,7,47
2020/12/3,15,43
2020/12/4,1,44
2020/12/5,9,44.5
2020/12/6,6,46
2020/12/7,8,42.5
2020/12/8,15,39.5
2020/12/9,27,37
2020/12/10,38,32.5
2020/12/11,55,31
2020/12/12,54,28
2020/12/13,54,26
2020/12/14,29,33
2020/12/15,36,28.5
2020/12/16,43,29.5
2020/12/17,26,34
2020/12/18,18,38
2020/12/19,8,39.5
2020/12/20,15,37.5
2020/12/21,22,35.5
2020/12/22,8,37.5
2020/12/23,11,38.5
2020/12/24,37,32.5
2020/12/25,7,35
2020/12/26,48,34.5
2020/12/27,19,32.5
2020/12/28,20,36.5
2020/12/29,17,38
2020/12/30,16,36.5
2020/12/31,101,31.5
2021/1/1,89,33
2021/1/2,44,30.5
2021/1/3,56,33
2021/1/4,28,34
2021/1/5,17,39
2021/1/6,11,39
2021/1/7,12,41.5
2021/1/8,12,41
2021/1/9,12,39.5
2021/1/10,9,41
2021/1/11,4,39.5
2021/1/12,16,38
2021/1/13,20,37.5
2021/1/14,4,39
2021/1/15,13,41.5
2021/1/16,12,43
2021/1/17,12,41.5
2021/1/18,11,40
2021/1/19,27,37.5
2021/1/20,31,35
2021/1/21,44,31.5
2021/1/22,38,30
2021/1/23,34,33
2021/1/24,50,33.5
2021/1/25,23,29
2021/1/26,32,23.5
2021/1/27,33,16.5
2021/1/28,56,16
2021/1/29,44,25
2021/1/30,54,25.5
2021/1/31,66,22
2021/2/1,48,19
2021/2/2,57,15.5
2021/2/3,44,21.5
2021/2/4,39,28.5
2021/2/5,52,23.5
2021/2/6,58,18
2021/2/7,60,15.5
2021/2/8,31,13
2021/2/9,62,4
2021/2/10,69,9
2021/2/11,32,24.5
2021/2/12,21,29
2021/2/13,41,27
2021/2/14,65,17.5
2021/2/15,46,22
2021/2/16,52,20.5
2021/2/17,28,33
2021/2/18,28,34
2021/2/19,16,35.5
2021/2/20,4,33.5
2021/2/21,23,37.5
2021/2/22,15,36
2021/2/23,25,35
2021/2/24,12,34
2021/2/25,47,33
2021/2/26,22,31.5
2021/2/27,19,34.5
2021/2/28,8,37
2021/3/1,3,36
2021/3/2,9,36.5
2021/3/3,18,37
2021/3/4,13,38
2021/3/5,19,36.5
2021/3/6,19,36.5
2021/3/7,40,37
2021/3/8,26,30.5
2021/3/9,32,27.5
2021/3/10,31,27.5
2021/3/11,10,33
2021/3/12,34,28
2021/3/13,16,25.5
2021/3/14,7,24
2021/3/15,15,31.5
2021/3/16,16,35.5
2021/3/17,15,36.5
2021/3/18,27,33.5
2021/3/19,20,30.5
2021/3/20,19,27.5
2021/3/21,22,32.5
2021/3/22,16,32.5
2021/3/23,19,34
2021/3/24,23,33
2021/3/25,36,31.5
2021/3/26,32,37.5
2021/3/27,15,35.5
2021/3/28,18,30.5
2021/3/29,18,28
2021/3/30,7,37
2021/3/31,1,36
2021/4/1,6,36.5
2021/4/2,13,35
2021/4/3,20,35
2021/4/4,16,37.5
2021/4/5,1,38
2021/4/6,15,35.5
2021/4/7,12,29.5
2021/4/8,0,30.5
2021/4/9,9,33
2021/4/10,23,27.5
2021/4/11,23,28.5
2021/4/12,12,35
2021/4/13,6,38
2021/4/14,18,42.5
2021/4/21,21,42.5
2021/4/22,28,41.5
2021/4/23,61,44
2021/4/24,59,46
2021/4/25,60,46
2021/4/26,44,46
2021/4/27,19,43
2021/4/28,11,41
2021/4/29,14,43.5
2021/4/30,12,44
2021/5/1,28,45
2021/5/2,36,43.5
2021/5/3,18,44.5
2021/5/4,11,44.5
2021/5/5,25,47
2021/5/6,25,50.5
2021/5/7,22,47.5
2021/5/8,16,48
2021/5/9,0,46
2021/5/10,0,47
2021/5/11,7,47.5
2021/5/12,3,48
2021/5/13,7,45
2021/5/14,4,45
2021/5/15,17,45.5
2021/5/16,11,43
2021/5/17,37,45.5
2021/5/18,53,48
2021/5/19,29,48
2021/5/20,22,52
2021/5/21,16,50
2021/5/22,13,46.5
2021/5/23,11,48.5
2021/5/24,17,50
2021/5/25,9,51.5
2021/5/26,9,48.5
2021/5/27,15,50.5
2021/5/28,10,48
2021/5/29,7,50
2021/5/30,22,49.5
2021/5/31,7,52
2021/6/1,12,57.5
2021/6/2,4,51.5
2021/6/3,7,48.5
2021/6/4,10,50.5
2021/6/5,9,50.5
2021/6/6,16,50.5
2021/6/7,17,52.5
2021/6/8,26,58.5
2021/6/9,13,56.5
2021/6/10,17,52.5
2021/6/11,19,54.5
2021/6/12,21,56
2021/6/13,38,57
2021/6/14,23,60
2021/6/15,17,55.5
2021/6/16,13,54
2021/6/17,11,57
2021/6/18,22,54
2021/6/19,23,58
2021/6/20,18,55.5
2021/6/21,2,54
2021/6/22,13,56.5
2021/6/23,17,57.5
2021/6/24,8,56.5
2021/6/25,8,57
2021/6/26,24,62
2021/6/27,30,65.5
2021/6/28,32,67
2021/6/29,11,63
2021/6/30,9,58.5
2021/7/1,22,59
2021/7/2,21,57.5
2021/7/3,37,57
2021/7/4,56,60.5
2021/7/5,47,60
2021/7/6,32,60
2021/7/7,16,60
2021/7/8,12,56
2021/7/9,11,58.5
2021/7/10,20,53.5
2021/7/11,22,55.5
2021/7/12,14,55.5
2021/7/13,5,56
2021/7/14,13,55
2021/7/15,20,58.5
2021/7/16,28,62.5
2021/7/17,34,61
2021/7/18,43,58
2021/7/19,38,61
2021/7/20,44,65
2021/7/21,42,58.5
2021/7/22,21,56.5
2021/7/23,19,55.5
2021/7/24,12,56.5
2021/7/25,25,58
2021/7/26,29,59.5
2021/7/27,30,59
2021/7/28,36,60
2021/7/29,33,59.5
2021/7/30,49,65
2021/7/31,53,66
2021/8/1,54,66.5
2021/8/2,47,63
2021/8/3,34,59.5
2021/8/4,30,60.5
2021/8/5,17,63
2021/8/6,14,58
2021/8/7,14,60.5
2021/8/8,13,58.5
2021/8/9,21,56.5
2021/8/10,9,56.5
2021/8/11,25,54.5
2021/8/12,11,59
2021/8/13,14,59
2021/8/14,32,56.5
2021/8/15,24,53
2021/8/16,27,56.5
2021/8/17,33,53
2021/8/18,8,54
2021/8/19,14,56
2021/8/20,31,54
2021/8/21,44,55
2021/8/22,53,55
2021/8/23,33,56.5
2021/8/24,14,56
2021/8/25,21,57.5
2021/8/28,9,53.5
2021/8/29,12,51.5
2021/8/30,14,55.5
2021/8/31,25,56.5
2021/9/1,22,57
2021/9/2,9,55.5
2021/9/3,3,55
2021/9/4,8,55
2021/9/5,9,54.5
2021/9/6,15,54
2021/9/7,19,51.5
2021/9/8,3,54
2021/9/9,11,56
2021/9/10,2,55
2021/9/11,9,53
2021/9/12,7,54.5
2021/9/13,11,51.5
2021/9/14,14,47.5
2021/9/15,11,52
2021/9/16,13,47.5
2021/9/17,19,48.5
2021/9/18,31,49.5
2021/9/19,29,48
2021/9/20,3,52.5
2021/9/21,6,49
2021/9/22,12,45.5
2021/9/23,6,49
2021/9/24,10,51.5
2021/9/25,21,46
2021/9/26,32,45.5
2021/9/27,11,46.5
2021/9/28,16,43
2021/9/29,36,42.5
2021/9/30,11,46.5
2021/10/1,2,47
2021/10/2,14,45
2021/10/3,11,42
2021/10/4,22,38.5
2021/10/5,24,38.5
2021/10/6,24,37
2021/10/7,11,43
2021/10/8,7,43.5
2021/10/9,9,45
2021/10/10,22,44
2021/10/11,7,43.5
2021/10/12,6,44
2021/10/13,5,45.5
2021/10/14,12,44
2021/10/15,21,42.5
2021/10/16,27,37.5
2021/10/17,53,34.5
2021/10/18,33,36.5
2021/10/19,24,43
2021/10/20,22,45.5
2021/10/21,23,42
2021/10/22,15,45
2021/10/23,8,44.5
2021/10/24,29,38.5
2021/10/25,46,34
2021/10/26,26,41.5
2021/10/27,14,43
2021/10/28,17,40.5
2021/10/29,8,41
2021/10/30,26,39.5
2021/10/31,51,33
2021/11/1,53,36
2021/11/2,31,41
2021/11/3,19,39.5
2021/11/4,31,38
2021/11/5,24,41.5
2021/11/6,20,37
2021/11/7,52,31
2021/11/8,34,32.5
2021/11/9,16,37.5
2021/11/10,37,35.5
2021/11/11,29,33.5
2021/11/12,20,40
2021/11/13,26,38
2021/11/14,48,33
2021/11/15,30,33.5
2021/11/16,6,36
2021/11/17,7,38
2021/11/18,16,31
2021/11/19,17,25.5
2021/11/20,26,22
2021/11/21,13,33.5
2021/11/22,22,34.5
2021/11/23,17,34.5
2021/11/24,13,36
2021/11/25,21,38.5
2021/11/26,8,33.5
2021/11/27,24,33.5
2021/11/28,18,31
2021/11/29,18,32.5
2021/11/30,20,35
2021/12/1,9,35
2021/12/2,14,32.5
2021/12/3,20,26
2021/12/4,26,21
2021/12/5,27,23
2021/12/6,33,29.5
2021/12/7,6,33.5
2021/12/8,14,35
2021/12/9,22,35
2021/12/10,9,33
2021/12/11,51,27.5
2021/12/12,21,23.5
2021/12/13,57,13
2021/12/14,71,11.5
2021/12/15,64,13.5
2021/12/16,59,16
2021/12/17,45,19
2021/12/18,73,14
2021/12/19,75,15.5
2021/12/20,69,18.5
2021/12/21,35,25.5
2021/12/22,67,17
2021/12/23,61,17.5
2021/12/24,58,15.5
2021/12/25,73,10.5
2021/12/26,67,10
2021/12/27,58,16.5
2021/12/28,64,16
2021/12/29,51,21
2021/12/30,64,13
2021/12/31,40,22
2022/1/1,13,31
2022/1/2,14,21.5
2022/1/3,18,12.5
2022/1/4,44,6.5
2022/1/5,66,1
2022/1/6,71,5.5
2022/1/7,68,13.5
2022/1/8,61,10
2022/1/9,32,25
2022/1/10,12,36
2022/1/11,21,38
2022/1/15,34,37
2022/1/20,29,36
2022/1/23,22,36
2022/1/26,31,35.5
2022/1/29,8,38.5
2022/2/3,19,31.5
2022/2/4,24,33
2022/2/5,10,37.5
2022/2/6,7,40.5
2022/2/7,10,38.5
2022/2/8,2,41
2022/2/9,2,43.5
2022/2/10,71,34.5
2022/2/11,16,35.5
2022/2/12,18,38
2022/2/13,34,33.5
2022/2/14,27,31.5
2022/2/15,22,37
2022/2/16,17,39
2022/2/17,23,39.5
2022/2/18,13,41
2022/2/19,29,37.5
2022/2/20,17,31.5
2022/2/21,21,24
2022/2/22,26,24.5
2022/2/23,33,29
2022/2/24,29,27.5
2022/2/25,14,34
2022/2/26,28,37
2022/2/27,13,40
2022/2/28,18,38
2022/3/1,19,38
2022/3/2,25,36.5
2022/3/3,41,34
2022/3/4,31,33.5
2022/3/5,19,37
2022/3/6,16,39.5
2022/3/7,28,33.5
2022/3/8,24,31.5
2022/3/9,24,29.5
2022/3/10,13,34
2022/3/11,23,34.5
2022/3/12,27,37.5
2022/3/13,18,34
2022/3/14,13,30
2022/3/15,20,35
2022/3/16,2,40
2022/3/17,4,39
2022/3/18,7,41.5
2022/3/19,8,41
2022/3/20,6,38.5
2022/3/21,8,37.5
2022/3/22,6,41
2022/3/23,7,38.5
2022/3/24,9,40.5
2022/3/25,9,39
2022/3/26,18,38
2022/3/27,25,37
2022/3/28,11,35.5
2022/3/29,6,38.5
2022/3/30,12,37.5
2022/3/31,9,38
2022/4/1,9,38
2022/4/2,7,41
2022/4/3,6,38
2022/4/4,9,39.5
2022/4/5,11,37.5
2022/4/6,12,42.5
2022/4/7,7,41
2022/4/8,14,40
2022/4/9,17,36.5
2022/4/10,29,34.5
2022/4/11,12,30.5
2022/4/12,16,33.5
2022/4/13,17,32.5
2022/4/14,21,33.5
2022/4/15,46,35
2022/4/16,35,39
2022/4/17,24,38.5
2022/4/18,16,36.5
2022/4/19,18,39.5
2022/4/20,28,41.5
2022/4/21,26,41.5
2022/4/22,18,40.5
2022/4/23,14,43
2022/4/24,12,42
2022/4/25,14,40
2022/4/26,5,44.5
2022/4/27,3,41
2022/4/28,12,42.5
2022/4/29,17,42.5
2022/4/30,21,44
2022/5/1,7,48
2022/5/2,4,44
2022/5/3,3,43
2022/5/4,7,43.5
2022/5/5,12,41.5
2022/5/6,26,40
2022/5/7,27,43.5
2022/5/8,27,49.5
2022/5/9,26,47.5
2022/5/10,13,42
2022/5/11,31,46
2022/5/12,12,47
2022/5/13,8,44
2022/5/14,11,47
2022/5/15,14,46
2022/5/16,12,45.5
2022/5/17,6,45.5
2022/5/18,17,49.5
2022/5/19,16,53
2022/5/20,22,52
2022/5/21,29,53.5
2022/5/22,34,53.5
2022/5/23,9,48
2022/5/24,8,49
2022/5/25,16,48
2022/5/26,23,49.5
2022/5/27,32,54.5
2022/5/28,38,56.5
2022/5/29,29,56.5
2022/5/30,37,57
2022/5/31,31,58.5
2022/6/1,41,61
2022/6/2,38,62
2022/6/3,42,64.5
2022/6/4,37,56
2022/6/5,19,57.5
2022/6/6,17,54
2022/6/7,13,56
2022/6/8,17,52
2022/6/9,16,57.5
2022/6/10,7,54
2022/6/11,9,51.5
2022/6/12,13,49.5
2022/6/13,13,48.5
2022/6/14,38,49
2022/6/15,61,53
2022/6/16,64,61.5
2022/6/17,68,60.5
2022/6/18,43,57.5
2022/6/19,28,52
2022/6/20,16,52.5
2022/6/21,18,51.5
2022/6/22,24,51.5
2022/6/23,32,60
2022/6/24,52,59.5
2022/6/25,58,63.5
2022/6/26,56,63.5
2022/6/27,57,64.5
2022/6/28,62,69
2022/6/29,60,65
2022/6/30,55,60
2022/7/1,67,59.5
2022/7/2,66,63
2022/7/3,77,65.5
2022/7/4,90,68.5
2022/7/5,73,69
2022/7/10,12,55
2022/7/13,21,53.5
2022/7/14,20,58
2022/7/15,22,61.5
2022/7/16,34,57.5
2022/7/17,13,54.5
2022/7/18,11,54.5
2022/7/19,21,54
2022/7/20,17,52
2022/7/21,12,54.5
2022/7/22,19,53
2022/7/23,12,54.5
2022/7/24,9,54.5
2022/7/25,11,56
2022/7/26,13,59
2022/7/27,21,58
2022/7/28,7,56.5
2022/7/29,18,59.5
2022/7/30,16,58.5
2022/7/31,11,59.5
2022/8/1,16,58.5
2022/8/2,17,56
2022/8/3,22,55
2022/8/4,33,59
2022/8/5,19,56.5
2022/8/6,6,55.5
2022/8/7,17,55.5
2022/8/8,31,55.5
2022/8/9,31,54.5
2022/8/10,21,57.5
2022/8/11,12,61.5
2022/8/12,28,60.5
2022/8/13,31,61
2022/8/14,15,58
2022/8/15,14,56.5
2022/8/16,21,55
2022/8/17,6,60
2022/8/18,20,61
2022/8/19,23,61
2022/8/20,31,61.5
2022/8/21,43,61
2022/8/22,50,60
2022/8/23,27,61.5
2022/8/24,19,67
2022/8/25,18,61.5
2022/8/26,26,55.5
2022/8/27,13,54.5
2022/8/28,12,55
2022/8/29,13,55.5
2022/8/30,17,53
2022/8/31,21,57
2022/9/1,18,52.5
2022/9/2,10,56.5
2022/9/3,20,57
2022/9/4,19,53
2022/9/5,17,53
2022/9/6,22,49
2022/9/7,22,55
2022/9/8,20,53
2022/9/9,26,52
2022/9/10,46,50.5
2022/9/11,52,48
2022/9/12,40,50.5
2022/9/13,18,52.5
2022/9/14,20,53.5
2022/9/15,14,52
2022/9/16,42,49
2022/9/17,47,48
2022/9/18,21,50
2022/9/19,37,48.5
2022/9/20,38,55
2022/9/21,29,54
2022/9/22,15,52.5
2022/9/23,13,50
2022/9/24,23,51.5
2022/9/25,18,54
2022/9/26,6,55.5
2022/9/27,31,48.5
2022/9/28,42,46.5
2022/9/29,7,53
2022/9/30,9,55
2022/10/1,15,52.5
2022/10/2,32,47
2022/10/3,52,46.5
2022/10/4,51,43
2022/10/5,27,53.5
2022/10/6,37,51.5
2022/10/7,35,52
2022/10/8,18,53
2022/10/9,13,54
2022/10/10,22,46.5
2022/10/11,13,49
2022/10/12,10,50
2022/10/13,8,49
2022/10/14,29,42.5
2022/10/15,23,49.5
2022/10/16,26,56
2022/10/17,42,50
2022/10/18,16,49.5
2022/10/19,16,50
2022/10/20,14,45.5
2022/10/21,21,44.5
2022/10/22,40,41
2022/10/23,28,37
2022/10/24,26,39.5
2022/10/25,17,37.5
2022/10/26,6,41.5
2022/10/27,4,41.5
2022/10/28,17,37.5
2022/10/29,12,38
2022/10/30,7,39.5
2022/10/31,12,35.5
2022/11/1,55,31
2022/11/2,37,30
2022/11/3,18,37
2022/11/4,23,34
2022/11/5,12,30
2022/11/6,12,25
2022/11/7,54,23.5
2022/11/8,56,23.5
2022/11/9,50,25.5
2022/11/10,34,32
2022/11/11,48,34.5
2022/11/12,6,39
2022/11/13,13,43
2022/11/14,13,42.5
2022/11/15,35,38.5
2022/11/16,39,34.5
2022/11/17,61,27.5
2022/11/18,74,26.5
2022/11/19,54,32
2022/11/20,4,41
2022/11/21,6,42.5
2022/11/22,9,41
2022/11/23,12,41
2022/11/24,32,37.5
2022/11/25,23,36
2022/11/26,45,30.5
2022/11/27,53,28.5
2022/11/28,25,24
2022/11/29,12,20
2022/11/30,56,15
2022/12/1,54,18.5
2022/12/2,68,17
2022/12/3,88,19
2022/12/4,95,20.5
2022/12/5,71,24
2022/12/6,56,35
2022/12/7,7,38
2022/12/8,18,36
2022/12/9,28,29.5
2022/12/10,63,20
2022/12/11,72,17.5
2022/12/12,17,29.5
2022/12/13,33,35.5
2022/12/14,24,37.5
2022/12/15,27,40
2022/12/16,20,31
2022/12/17,40,20
2022/12/18,59,14
2022/12/19,77,8.5
2022/12/20,74,10
2022/12/21,79,12
2022/12/22,80,15
2022/12/23,54,17
2022/12/24,46,17.5
2022/12/25,57,27.5
2022/12/26,56,34.5
2022/12/27,58,34
2022/12/28,48,33.5
2022/12/29,58,29
2022/12/30,61,32
